-- MySQL dump 10.13  Distrib 8.0.36, for Win64 (x86_64)
--
-- Host: localhost    Database: dbcarrito
-- ------------------------------------------------------
-- Server version	8.0.36

/*!40101 SET @OLD_CHARACTER_SET_CLIENT=@@CHARACTER_SET_CLIENT */;
/*!40101 SET @OLD_CHARACTER_SET_RESULTS=@@CHARACTER_SET_RESULTS */;
/*!40101 SET @OLD_COLLATION_CONNECTION=@@COLLATION_CONNECTION */;
/*!50503 SET NAMES utf8 */;
/*!40103 SET @OLD_TIME_ZONE=@@TIME_ZONE */;
/*!40103 SET TIME_ZONE='+00:00' */;
/*!40014 SET @OLD_UNIQUE_CHECKS=@@UNIQUE_CHECKS, UNIQUE_CHECKS=0 */;
/*!40014 SET @OLD_FOREIGN_KEY_CHECKS=@@FOREIGN_KEY_CHECKS, FOREIGN_KEY_CHECKS=0 */;
/*!40101 SET @OLD_SQL_MODE=@@SQL_MODE, SQL_MODE='NO_AUTO_VALUE_ON_ZERO' */;
/*!40111 SET @OLD_SQL_NOTES=@@SQL_NOTES, SQL_NOTES=0 */;

use dbcarrito;
--
-- Table structure for table `carrito_productos`
--

DROP TABLE IF EXISTS `carrito_productos`;
/*!40101 SET @saved_cs_client     = @@character_set_client */;
/*!50503 SET character_set_client = utf8mb4 */;
CREATE TABLE `carrito_productos` (
  `id_prod` int NOT NULL,
  `id_carr` int NOT NULL,
  `cantidad` int DEFAULT NULL,
  PRIMARY KEY (`id_carr`,`id_prod`),
  KEY `id_prod` (`id_prod`),
  CONSTRAINT `carrito_productos_ibfk_1` FOREIGN KEY (`id_carr`) REFERENCES `ccarrito` (`id_carr`),
  CONSTRAINT `carrito_productos_ibfk_2` FOREIGN KEY (`id_prod`) REFERENCES `cproductos` (`id_prod`)
) ENGINE=InnoDB DEFAULT CHARSET=utf8mb4 COLLATE=utf8mb4_0900_ai_ci;
/*!40101 SET character_set_client = @saved_cs_client */;

--
-- Dumping data for table `carrito_productos`
--

LOCK TABLES `carrito_productos` WRITE;
/*!40000 ALTER TABLE `carrito_productos` DISABLE KEYS */;
INSERT INTO `carrito_productos` VALUES (300,1,1);
/*!40000 ALTER TABLE `carrito_productos` ENABLE KEYS */;
UNLOCK TABLES;

--
-- Table structure for table `ccarrito`
--

DROP TABLE IF EXISTS `ccarrito`;
/*!40101 SET @saved_cs_client     = @@character_set_client */;
/*!50503 SET character_set_client = utf8mb4 */;
CREATE TABLE `ccarrito` (
  `id_carr` int NOT NULL AUTO_INCREMENT,
  `id_user` int DEFAULT NULL,
  `total_car` int DEFAULT NULL,
  `costo_total` int DEFAULT '0',
  PRIMARY KEY (`id_carr`),
  KEY `id_user` (`id_user`),
  KEY `total_car` (`total_car`),
  CONSTRAINT `ccarrito_ibfk_3` FOREIGN KEY (`id_user`) REFERENCES `musuario` (`id_user`) ON UPDATE CASCADE
) ENGINE=InnoDB AUTO_INCREMENT=8 DEFAULT CHARSET=utf8mb4 COLLATE=utf8mb4_0900_ai_ci;
/*!40101 SET character_set_client = @saved_cs_client */;

--
-- Dumping data for table `ccarrito`
--

LOCK TABLES `ccarrito` WRITE;
/*!40000 ALTER TABLE `ccarrito` DISABLE KEYS */;
INSERT INTO `ccarrito` VALUES (1,1,1,2500);
/*!40000 ALTER TABLE `ccarrito` ENABLE KEYS */;
UNLOCK TABLES;

--
-- Table structure for table `cmarca`
--

DROP TABLE IF EXISTS `cmarca`;
/*!40101 SET @saved_cs_client     = @@character_set_client */;
/*!50503 SET character_set_client = utf8mb4 */;
CREATE TABLE `cmarca` (
  `id_marca` int NOT NULL AUTO_INCREMENT,
  `nom_marca` varchar(60) DEFAULT NULL,
  PRIMARY KEY (`id_marca`),
  KEY `nom_marca` (`nom_marca`)
) ENGINE=InnoDB AUTO_INCREMENT=33 DEFAULT CHARSET=utf8mb4 COLLATE=utf8mb4_0900_ai_ci;
/*!40101 SET character_set_client = @saved_cs_client */;

--
-- Dumping data for table `cmarca`
--

LOCK TABLES `cmarca` WRITE;
/*!40000 ALTER TABLE `cmarca` DISABLE KEYS */;
INSERT INTO `cmarca` VALUES (5,'CeraVe'),(10,'Chanell'),(11,'Dior'),(7,'L\'Oréal Paris'),(1,'MAC'),(3,'Maybelline'),(2,'NARS'),(4,'Neutrogena'),(9,'Olaplex'),(8,'Pantene'),(6,'The Ordinary'),(12,'Yves Saint Laurent');
/*!40000 ALTER TABLE `cmarca` ENABLE KEYS */;
UNLOCK TABLES;

--
-- Table structure for table `cproductos`
--

DROP TABLE IF EXISTS `cproductos`;
/*!40101 SET @saved_cs_client     = @@character_set_client */;
/*!50503 SET character_set_client = utf8mb4 */;
CREATE TABLE `cproductos` (
  `id_prod` int NOT NULL AUTO_INCREMENT,
  `codbar_prod` varchar(13) DEFAULT NULL,
  `nom_prod` varchar(80) DEFAULT NULL,
  `precio_prod` int NOT NULL,
  `img_prod` varchar(255) DEFAULT NULL,
  `id_subtipop` int DEFAULT NULL,
  `id_marca` int DEFAULT NULL,
  `cantidad` int NOT NULL,
  `descripcion` varchar(255) DEFAULT NULL,
  PRIMARY KEY (`id_prod`),
  KEY `codbar_prod` (`codbar_prod`),
  KEY `nom_prod` (`nom_prod`),
  KEY `id_subtipop` (`id_subtipop`),
  KEY `id_marca` (`id_marca`),
  CONSTRAINT `cproductos_ibfk_1` FOREIGN KEY (`id_subtipop`) REFERENCES `csubtipop` (`id_subtipop`) ON UPDATE CASCADE,
  CONSTRAINT `cproductos_ibfk_2` FOREIGN KEY (`id_marca`) REFERENCES `cmarca` (`id_marca`) ON UPDATE CASCADE,
  CONSTRAINT `cproductos_ibfk_3` FOREIGN KEY (`id_marca`) REFERENCES `cmarca` (`id_marca`) ON UPDATE CASCADE
) ENGINE=InnoDB AUTO_INCREMENT=302 DEFAULT CHARSET=utf8mb4 COLLATE=utf8mb4_0900_ai_ci;
/*!40101 SET character_set_client = @saved_cs_client */;

--
-- Dumping data for table `cproductos`
--

LOCK TABLES `cproductos` WRITE;
/*!40000 ALTER TABLE `cproductos` DISABLE KEYS */;
INSERT INTO `cproductos` VALUES (1,'750069815537','Studio Fix Fluid Foundation',630,'https://sdcdn.io/mac/mx/mac_sku_SRMX02_1x1_0.png?width=1080&height=1080',1,1,300,'Base de maquillaje de larga duración con cobertura completa, control de brillo y acabado mate, ideal para pieles mixtas a grasas.'),(2,'750658583169','Studio Sculpt SPF 15 Foundation',700,'https://i.ebayimg.com/images/g/d2YAAOSwEulk7jCU/s-l1600.webp',1,1,299,'Base de maquillaje hidratante con SPF 15, proporciona cobertura media a completa con un acabado natural y luminoso.'),(3,'750321081043','Pro Longwear Concealer',540,'https://sdcdn.io/mac/mx/mac_sku_MGT902_1x1_0.png?width=1080&height=1080',1,1,299,'Corrector de larga duración, resistente al agua, con cobertura media a completa, que cubre imperfecciones y ojeras.'),(4,'750801523492','Prep + Prime Skin Base Visage',450,'https://ultrafemme.com/media/catalog/product/3/9/39044_773602069972_01_6a3c.png?optimize=medium&fit=bounds&height=1000&width=1250&canvas=1250:1000&format=jpeg',1,1,300,'Prebase que hidrata y suaviza la piel, creando una base perfecta para aplicar el maquillaje, ayudando a fijarlo por más tiempo.'),(5,'750061701762','Sheer Glow Foundation',1100,'https://www.elpalaciodehierro.com/dw/image/v2/BDKB_PRD/on/demandware.static/-/Sites-palacio-master-catalog/default/dw70ae7245/images/41168161/PUNJAB/large/41168168_x1.jpg?sw=960&sh=1152',1,2,300,'Base de maquillaje ligera que proporciona un acabado luminoso y natural, ideal para pieles secas o normales.'),(6,'750036900259','Radiant Creamy Concealer',890,'https://www.sephora.com.mx/dw/image/v2/BFJC_PRD/on/demandware.static/-/Sites-masterCatalog_Sephora/es_MX/dwaca67bb8/images/hi-res/boletos/Dany/nars/radiant_creamy/concealer-nars-radiant-creamy607845013761A.jpg?sw=400&sh=400&sm=fit',1,2,300,'Corrector cremoso que ofrece cobertura media a completa, con un acabado radiante, ideal para ojeras y manchas.'),(7,'750534485573','Soft Matte Complete Foundation',1000,'https://www.sephora.com.mx/dw/image/v2/BFJC_PRD/on/demandware.static/-/Sites-masterCatalog_Sephora/es_MX/dw7508c15d/images/hi-res/boletos/Regina%20G/NARS/foundation_nars_soft_matte_complete_foundation194251004037A.jpg?sw=400&sh=400&sm=fit',1,2,300,'Base de maquillaje de acabado mate, de cobertura completa, que controla el brillo sin resecar la piel'),(8,'750104686722','Natural Radiant Longwear Foundation',1250,'https://http2.mlstatic.com/D_NQ_NP_2X_953304-MLM49656118857_042022-F.webp',1,2,300,'Base de larga duración con acabado radiante y cobertura media a completa, resistente al sudor y la humedad.'),(9,'750863627083','All Day Luminous Weightless Foundation',1200,'https://i5.walmartimages.com/asr/18a1e877-fff3-4016-a058-8f70a820197c.ae617d5abcae1a8dcc465934b8002206.jpeg?odnHeight=612&odnWidth=612&odnBg=FFFFFF',1,2,300,'Base de maquillaje ligera con cobertura completa, de acabado luminoso, ideal para pieles secas.'),(10,'750975739938','Fit Me Matte + Poreless Foundation',210,'https://bellisima.mx/cdn/shop/products/fit-me-matte-foundation-110-porcelain-maybelline_800x.jpg?v=1690224841',1,3,300,'Base de maquillaje ligera con acabado mate, diseñada para minimizar la apariencia de los poros y controlar el brillo.'),(11,'750035354985','Superstay Full Coverage Foundation',280,'https://cloudinary.images-iherb.com/image/upload/f_auto,q_auto:eco/images/mby/mby54140/v/7.jpg',1,3,300,'Base de cobertura total y de larga duración, que permanece intacta durante todo el día sin necesidad de retoques.'),(12,'750377406895','Dream Matte Mousse Foundation',260,'https://i5.walmartimages.com/asr/ce2aac81-fa98-40ef-b0b7-e722ad56ebb4.5aadc18b62bb79c976e0b16cfe0068fb.jpeg',1,3,300,'Base de maquillaje de textura mousse que ofrece un acabado mate y suave, ideal para pieles mixtas y grasas.'),(13,'750712959422','Instant Age Rewind Eraser Dark Circles Treatment Concealer',190,'https://damarbeauty.com/cdn/shop/products/image_72ef50ef-378d-4379-841b-eb785f7a146b.webp?v=1682005265&width=990',1,3,300,'Corrector que combate las ojeras, con un aplicador en esponja, que proporciona cobertura mientras trata la piel delicada de la zona de los ojos.'),(14,'750991916741','Fit Me Concealer',170,'https://m.media-amazon.com/images/I/61izegtl46L.jpg',1,3,300,'Corrector ligero con cobertura media, ideal para disimular imperfecciones y ojeras, que se adapta al tono de la piel.'),(15,'750675904002','Mineralize Skinfinish',750,'https://sdcdn.io/mac/mx/mac_sku_MT7E03_1x1_1.png?width=1080&height=1080',2,1,300,'Polvo compacto mineral que proporciona un acabado suave y luminoso, ideal para dar un toque final de brillo natural a la piel.'),(16,'750569913978','Blot Powder Pressed',650,'https://sdcdn.io/mac/mx/mac_sku_M53004_1x1_1.png?width=1080&height=1080',2,1,300,'Polvo compacto de acabado mate que controla el brillo y reduce el exceso de grasa, ideal para retoques durante el día.'),(17,'750567319966','MAC Fix+ Setting Spray',450,'https://sdcdn.io/mac/mx/mac_sku_SX1701_1x1_0.png?width=1080&height=1080',2,1,300,'Spray fijador que hidrata y refresca la piel, ayudando a que el maquillaje se mantenga intacto durante horas, con un acabado radiante.'),(18,'750347624617','Light Reflecting Pressed Powder',980,'https://m.media-amazon.com/images/I/61NZ3B4iSUL._AC_SX679_.jpg',2,2,300,'Polvo compacto que refleja la luz, creando un acabado suave y natural, perfeccionando la textura de la piel.'),(19,'750934964504','Radiant Setting Powder',850,'https://home.ripley.cl/store/Attachment/WOP/D327/2000390268996/2000390268996_2.jpg',2,2,300,'Polvo suelto que sella el maquillaje mientras proporciona un acabado radiante y luminoso, ideal para todo tipo de piel.'),(20,'750057580556','Fit Me! Loose Finishing Powder',240,'https://bellisima.mx/cdn/shop/products/fit-me-loose-powder-light-maybelline_800x.jpg?v=1614836493',2,3,300,'Polvo suelto que fija el maquillaje con un acabado mate, minimiza la apariencia de los poros y controla el brillo.'),(21,'750520988385','Master Fix Setting Spray',300,'https://leteabeauty.com/wp-content/uploads/2024/07/ma_88286530-a199-4069-b6c7-2952a92499d6_600x600_crop_center.webp',2,3,300,'Spray fijador que sella el maquillaje, proporcionando un acabado suave y de larga duración, ayudando a mantener el look fresco durante todo el día.'),(22,'750002569107','Eye Shadow X 9 Palette',950,'https://m.media-amazon.com/images/I/716ZbkKGcoL.__AC_SY300_SX300_QL70_ML2_.jpg',3,1,300,'Paleta compacta con 9 tonos de sombras de alta pigmentación, con acabados mate, satinados y brillantes, perfecta para crear looks versátiles.'),(23,'750415792858','Pigment Eyeshadow',300,'https://sdcdn.io/mac/mx/mac_sku_MF8L53_1x1_0.png?width=1080&height=1080',3,1,300,'Polvo suelto de alta pigmentación que ofrece un color intenso y duradero, ideal para crear efectos personalizados en los ojos.'),(24,'750094520444','Pro Palette Custom Compact',1200,'https://sdcdn.io/mac/mx/mac_sku_MCN201_1x1_1.png?width=1080&height=1080',3,1,300,'Estuche personalizable para sombras individuales, diseñado para almacenar y organizar tonos favoritos de manera profesional.'),(25,'750662553901','Duo Eyeshadow',850,'https://www.narscosmetics.com/dw/image/v2/BBSK_PRD/on/demandware.static/-/Sites-itemmaster_NARS/default/dw1827dfde/hi-res/0607845039181.jpg?sw=856&sh=750&sm=fit',3,2,300,'Dúo de sombras complementarias, altamente pigmentadas, ideales para crear looks coordinados con facilidad.'),(26,'750407693662','Pro-Prime Smudge Proof Eyeshadow Base',900,'https://www.narscosmetics.ca/dw/image/v2/BBSK_PRD/on/demandware.static/-/Sites-itemmaster_NARS/default/dwb52e8434/hi-res/0607845022114.jpg?sw=856&sh=750&sm=fit',3,2,300,'Prebase para sombras que prolonga la duración del maquillaje de ojos, evitando que se cuartee o desvanezca.'),(27,'750784869706','The Nudes Eyeshadow Palette',280,'https://bellisima.mx/cdn/shop/products/the-nude-eyeshadow-palette-maybelline_800x.jpg?v=1615316138',3,3,300,'Paleta de sombras neutras con tonos mate y brillantes, perfecta para looks naturales o ahumados.'),(28,'750252838444','Color Tattoo 24HR Cream Gel Eyeshadow',190,'https://m.media-amazon.com/images/I/81yvLU2tvHL._SX679_.jpg',3,3,300,'Sombra en gel de larga duración, con acabado intenso y fórmula resistente al agua, ideal para un color vibrante todo el día.'),(29,'750504604563','Pro Longwear Eye Liner',520,'https://belk.scene7.com/is/image/Belk?layer=0&src=5900090_MNMG_A_200_T10L00&layer=comp&$COM_PRODUCT_PDP_DE$',4,1,300,'Delineador de ojos de larga duración, con fórmula cremosa y resistente al agua, ideal para trazos precisos y duraderos.'),(30,'750439068326','Fluidline Gel Eyeliner',490,'https://sdcdn.io/mac/mx/mac_sku_SR0N04_1x1_1.png?width=1080&height=1080',4,1,300,'Delineador en gel de textura suave, con acabado intenso y de larga duración, que permite crear líneas definidas o difuminadas.'),(31,'750417548281','Eye Kohl Eyeliner',460,'https://sdcdn.io/mac/mx/mac_sku_M1XG01_1x1_0.png?width=1080&height=1080',4,1,300,'Lápiz delineador de ojos suave, fácil de aplicar, con tonos vibrantes y acabado versátil para líneas definidas o looks ahumados.'),(32,'750632286528','Brow Set Gel',420,'https://sdcdn.io/mac/mx/mac_sku_SW2A01_1x1_0.png?width=1080&height=1080',4,1,300,'Gel transparente o con color que fija y peina las cejas, aportando definición y un acabado natural.'),(33,'750164190446','Velvet Eyeliner',390,'https://www.spacenk.com/dw/image/v2/ABCE_PRD/on/demandware.static/-/Sites-spacenkmastercatalog/default/dw8088cdaa/products/NARS_COSME/UK200017932_NARS_COSME.jpg?sw=292&sh=292',4,2,300,'Lápiz delineador de textura cremosa, con acabado aterciopelado y fácil de difuminar para un look suave y sofisticado.'),(34,'750145064307','Brow Defining Cream',470,'https://m.media-amazon.com/images/I/71JC+OsleoL._AC_SY300_SX300_.jpg',4,2,300,'Crema para cejas de alta pigmentación que permite rellenar, definir y dar forma con un acabado duradero y natural.'),(35,'750687218947','Master Precise Liquid Eyeliner',200,'https://m.media-amazon.com/images/I/61YKEGeNUaL.__AC_SX300_SY300_QL70_ML2_.jpg',4,3,300,'Delineador líquido con punta ultra fina para trazos precisos y un acabado intenso y definido.'),(36,'750198750091','Master Drama Gel Eyeliner',210,'https://m.media-amazon.com/images/I/71j608D4SIL._AC_SX679_.jpg',4,3,300,'Delineador en gel con fórmula suave y resistente al agua, que proporciona líneas intensas y de larga duración.'),(37,'750238720171','Brow Drama Sculpting Brow Mascara',190,'https://m.media-amazon.com/images/I/71n3xjwtd8L._AC_SX679_.jpg',4,3,300,'Máscara para cejas que define, da volumen y fija las cejas, con un acabado natural y duradero.'),(38,'750468444318','TattooStudio Brow Gel',320,'https://m.media-amazon.com/images/I/51slXVPV4AL._AC_SX679_.jpg',4,3,300,'Gel para cejas de larga duración, resistente al agua, que aporta color y definición mientras rellena las cejas.'),(39,'750504192126','Extended Play Gigablack Lash Mascara',400,'https://sdcdn.io/mac/mx/mac_sku_MN4501_1x1_0.png?width=1080&height=1080',5,1,300,'Máscara de pestañas de larga duración con pigmento negro intenso, diseñada para definir y alargar sin grumos, fácil de retirar con agua tibia.'),(40,'750479117687','Zoom Lash Mascara',350,'https://m.media-amazon.com/images/I/31WS2pETItL.jpg',5,1,300,'Máscara que aporta volumen instantáneo, alarga y riza las pestañas con un acabado intenso y definido.'),(41,'750654273951','False Lashes Extreme Black Mascara',480,'https://i.ebayimg.com/images/g/dVEAAOSwskZlnSI~/s-l1600.webp',5,1,300,'Máscara que ofrece un efecto de pestañas postizas con volumen extremo, longitud y pigmento negro intenso.'),(42,'750054180959','Modern Twist Lash',470,'https://i5.walmartimages.com/asr/33215ab5-6dc6-47e2-9059-c0018d3b3f61_1.38eaa077024faf15e078ac88c94c0eb9.jpeg',5,1,300,'Máscara innovadora que proporciona volumen y definición, con una fórmula ligera y de larga duración.'),(43,'750149870467','Climax Mascara',1200,'https://www.sephora.com.mx/dw/image/v2/BFJC_PRD/on/demandware.static/-/Sites-masterCatalog_Sephora/es_MX/dwadecba2d/images/hi-res/mascara-de-pestanas-nars-nars-climax-mascara-mini607845270102A.png?sw=1200&sh=1200&sm=fit',5,2,300,'Máscara que aporta volumen extremo y definición, con una fórmula ligera que no deja grumos y un acabado suave.'),(44,'750187474228','Lash Sensational Mascara',280,'https://static.beautytocare.com/cdn-cgi/image/width=1440,height=1200,f=auto/media/catalog/product//m/a/maybelline-lash-sensational-washable-mascara-very-black-9-5ml.png',5,3,300,'Máscara de pestañas que despliega cada pestaña con su cepillo en abanico, ofreciendo volumen y definición en capas.'),(45,'750884307041','Falsies Lash Lift Mascara',290,'https://avobeauty.mx/cdn/shop/products/202_WATER_2048x2048.png?v=1664036249',5,3,300,'Máscara que eleva y riza las pestañas para un efecto de lifting profesional, con volumen y longitud visibles.'),(46,'750599683775','Lash Stiletto Ultimate Length Mascara',270,'https://m.media-amazon.com/images/I/610R+Gb8i3L._AC_SX679_.jpg',5,3,300,'Máscara diseñada para alargar las pestañas al máximo, con un acabado brillante y definido.'),(47,'750525383864','Powder Kiss Lipstick',350,'https://sdcdn.io/mac/mx/mac_sku_S4K065_1x1_0.png?width=1080&height=1080',6,1,300,'Labial en barra con acabado mate clásico y cobertura completa, ideal para un look sofisticado y duradero.'),(48,'750734842565','Matte Lipstick',300,'https://sdcdn.io/mac/mx/mac_sku_NY9N3W_1x1_0.png?width=1080&height=1080',6,1,300,'Labial en barra con acabado mate clásico y cobertura completa, ideal para un look sofisticado y duradero.'),(49,'750851185413','Retro Matte Liquid Lipcolour',450,'https://sdcdn.io/mac/mx/mac_sku_MY3N41_1x1_0.png?width=1080&height=1080',6,1,300,'Labial líquido de larga duración con acabado ultra mate e intenso, perfecto para looks impactantes.'),(50,'750991312857','Lipglass Lip Gloss',320,'https://sdcdn.io/mac/mx/mac_sku_S3HT03_1x1_0.png?width=1080&height=1080',6,1,300,'Brillo labial de alta pigmentación que aporta un acabado ultra brillante y volumen a los labios.'),(51,'750392260273','Powermatte Lip Pigment',880,'https://www.sephora.com.mx/dw/image/v2/BFJC_PRD/on/demandware.static/-/Sites-masterCatalog_Sephora/es_MX/dw31da6e16/images/hi-res/labial-nars-nars-powermatte-lip-pigment607845027867A.png?sw=400&sh=400&sm=fit',6,2,300,'Labial líquido ultraligero con pigmentación intensa y acabado mate que dura todo el día.'),(52,'750423258503','Velvet Matte Lip Pencil',620,'https://www.sephora.com.mx/dw/image/v2/BFJC_PRD/on/demandware.static/-/Sites-masterCatalog_Sephora/es_MX/dwe2156246/images/hi-res/delineador-de-labios-nars-nars-velvet-matte-lip-pencil607845024989A.png?sw=1200&sh=1200&sm=fit',6,2,300,'Lápiz labial mate de textura cremosa, fácil de aplicar, que combina precisión y confort con un acabado aterciopelado.'),(53,'750994053625','Audacious Lipstick',1000,'https://www.sephora.com.mx/dw/image/v2/BFJC_PRD/on/demandware.static/-/Sites-masterCatalog_Sephora/es_MX/dwb268caaa/images/hi-res/boletos/Roc%C3%ADo%20Mart%C3%ADnez/NARS/ALTAS%202024/721807%20(1).jpg?sw=1200&sh=1200&sm=fit',6,2,300,'Labial en barra de alta cobertura y acabado satinado, con una fórmula hidratante que deslumbra con tonos atrevidos.'),(54,'750016407785','NARS Velvet Lip Glide',950,'https://www.sephora.com.mx/dw/image/v2/BFJC_PRD/on/demandware.static/-/Sites-masterCatalog_Sephora/es_MX/dwa42c541d/images/hi-res/labial-nars-nars-powermatte-lip-pigment607845027621A.jpg?sw=400&sh=400&sm=fit',6,2,300,'Labial líquido híbrido con un acabado entre satinado y mate, que combina comodidad e intensidad de color.'),(55,'750933687175','Superstay Ink Liquid Lipstick',210,'https://bellisima.mx/cdn/shop/products/superstay-matte-ink-visionary-maybelline_800x.jpg?v=1614886333',6,3,300,'Labial líquido de larga duración con acabado mate intenso, resistente al desgaste y transferencias.'),(56,'750427686114','Superstay Matte Ink Crayon Lipstick',240,'https://i5.walmartimages.com.mx/gr/images/product-images/img_large/00000003017420L.jpg?odnHeight=768&odnWidth=768&odnBg=FFFFFF',6,3,300,'Lápiz labial de larga duración con fórmula mate y diseño preciso para una aplicación fácil y uniforme.'),(57,'750460302577','Color Sensational Lipstick',220,'https://www.soriana.com/dw/image/v2/BGBD_PRD/on/demandware.static/-/Sites-soriana-grocery-master-catalog/default/dwcea3c8aa/images/product/0041554453645_A.jpg?sw=445&sh=445&sm=fit',6,3,300,'Labial en barra que ofrece tonos vibrantes, hidratación y acabados variados, desde mate hasta cremoso.'),(58,'750142844655','Vivid Hot Lacquer Lip Gloss',200,'https://resources.sanborns.com.mx/imagenes-sanborns-ii/1200/41554497786.jpg?scale=500&qlty=75',6,3,300,'Brillo labial de alta pigmentación con acabado lacado intenso y una textura suave y cómoda.'),(59,'750658342508','Blushbaby Blush',750,'https://sdcdn.io/mac/mx/mac_sku_M39H07_1x1_0.png?width=1080&height=1080',7,1,300,'Rubor en polvo con un tono neutro y acabado natural, ideal para un toque sutil de color en las mejillas.'),(60,'750171261087','Sculpt and Shape Contour',900,'https://sdcdn.io/mac/mx/mac_sku_SFAX01_1x1_0.png?width=1080&height=1080',7,1,300,'Paleta de contorno que combina tonos para esculpir y resaltar el rostro, con una fórmula fácil de difuminar.'),(61,'750143200814','Orgasm Blush',950,'https://www.sephora.com.mx/dw/image/v2/BFJC_PRD/on/demandware.static/-/Sites-masterCatalog_Sephora/es_MX/dwa7f3daf0/images/hi-res/boletos/Dany/nars/nars_blush/cheeks-nars-blush607845040170A.jpg?sw=400&sh=400&sm=fit',7,2,300,'Rubor icónico con un tono rosa melocotón y destellos dorados, que aporta un brillo saludable y favorece a todos los tonos de piel.'),(62,'750346826602','Laguna Bronzer',1000,'https://www.sephora.com.mx/dw/image/v2/BFJC_PRD/on/demandware.static/-/Sites-masterCatalog_Sephora/es_MX/dwf8f5b33c/images/hi-res/boletos/Roc%C3%ADo%20Mart%C3%ADnez/NARS/194251136714_1.jpg?sw=1200&sh=1200&sm=fit',7,2,300,'Polvo bronceador con un tono dorado cálido y acabado suave, ideal para un bronceado natural y luminoso.'),(63,'750458782721','Sun Wash Diffusing Bronzer',950,'https://m.media-amazon.com/images/I/71ZdcLHlWgL.__AC_SY300_SX300_QL70_ML2_.jpg',7,2,300,'Bronceador de textura ligera que difumina imperfecciones y aporta un acabado mate natural con efecto difuminado.'),(64,'750167733699','Blush Bronzer Duo',1200,'https://www.sephora.com.mx/dw/image/v2/BFJC_PRD/on/demandware.static/-/Sites-masterCatalog_Sephora/es_MX/dwbcb09ac9/images/hi-res/blush-nars-nars-blush-duo607845051213A.jpg?sw=1200&sh=1200&sm=fit',7,2,300,'Combinación de rubor y bronceador en un solo producto, perfecto para crear un look completo y radiante.'),(65,'750663893546','Sin Blush',1000,'https://m.media-amazon.com/images/I/71BJw-wc7lL._AC_SX679_.jpg',7,2,300,'Rubor en polvo con un tono ciruela suave y un sutil brillo dorado, ideal para un toque de elegancia en las mejillas.'),(66,'750252050889','Fit Me Blush',180,'https://static.beautytocare.com/cdn-cgi/image/width=1440,height=1200,f=auto/media/catalog/product//m/a/maybelline-fit-me-blush-50-wine-4-5g.jpg',7,3,300,'Rubor ligero con tonos naturales y acabado suave, que se adapta a todos los tonos de piel para un look fresco.'),(67,'750626438757','Master Sculpt Contour Palette',260,'https://m.media-amazon.com/images/I/61BT7TRcmIL.jpg',7,3,300,'Paleta de contorno con polvo para esculpir y un iluminador, diseñada para definir y realzar los rasgos faciales.'),(68,'750992007796','Lightscapade Mineralize Skinfinish',880,'https://m.media-amazon.com/images/I/512+ObDz9OL.jpg',8,1,300,'Iluminador en polvo mineral con un tono perla suave que aporta un brillo sutil y luminoso al rostro.'),(69,'750816589820','Extra Dimension Skinfinish',890,'https://sdcdn.io/mac/mx/mac_sku_MLGK19_1x1_0.png?width=1080&height=1080',8,1,300,'Iluminador en polvo con textura sedosa y un acabado metálico intenso, ideal para resaltar los puntos altos del rostro.'),(70,'750358276934','Hyper Real Glow',1100,'https://sdcdn.io/mac/mx/mac_sku_S88C01_1x1_0.png?width=1080&height=1080',8,1,300,'Paleta de iluminadores con tonos suaves y altamente pigmentados que aportan un brillo radiante y de alto impacto.'),(71,'750631270475','Monoi Body Glow',950,'https://m.media-amazon.com/images/I/81t9RQBxOhL.jpg',8,2,300,'Aceite corporal con brillo sutil y un aroma tropical, que hidrata la piel y le da un acabado luminoso.'),(72,'750638079549','Matte Multiple Stick',1050,'https://damarbeauty.com/cdn/shop/products/s1017920-main-zoom.webp?v=1648351242&width=416',8,2,300,'Barra multiuso con acabado mate, ideal para usar como rubor, sombra de ojos o contorno, con tonos versátiles.'),(73,'750714291064','Dual-Intensity Blush',250,'https://m.media-amazon.com/images/I/7179wmsfCCL._AC_SX679_.jpg',8,2,300,'Rubor dúo con tonos que pueden usarse secos para un acabado suave o húmedos para una intensidad mayor y un brillo radiante.'),(74,'750458284261','Master Chrome Metallic Highlighter',190,'https://m.media-amazon.com/images/I/61vBHXzf2GL.jpg',8,3,300,'Iluminador en polvo con un acabado metálico intenso que aporta un brillo cálido y deslumbrante al rostro.'),(75,'750295422894','Baby Skin Pore Eraser Primer',280,'https://cloudinary.images-iherb.com/image/upload/f_auto,q_auto:eco/images/mby/mby41513/v/10.jpg',8,3,300,'Prebase ligera que minimiza la apariencia de los poros, dejando la piel suave y preparada para el maquillaje.'),(76,'750196786192','Hydro Boost Cleanser',250,'https://m.media-amazon.com/images/I/61d5UocwkAL.jpg',9,4,300,'Limpiador facial hidratante con ácido hialurónico que elimina impurezas sin resecar la piel, dejando una sensación fresca y suave.'),(77,'750810104617','Oil-Free Acne Wash',280,'https://ntg-catalog.imgix.net/products/6811719-carousel-1-2023-09.webp?fm=jpg&auto=format&w=1200&h=1443&fit=crop',9,4,300,'Limpiador facial sin aceite con ácido salicílico que combate el acné, limpia profundamente y previene futuros brotes.'),(78,'750024098985','Oil-Free Acne Wash Pink Grapefruit',220,'https://ntg-catalog.imgix.net/products/6805365XX/6805365XX_alt1v2.jpg?fm=jpg&auto=format&w=1200&h=1443&fit=crop',9,4,300,'Limpiador facial con ácido salicílico y extracto de toronja rosa, que combate el acné y deja la piel fresca y radiante.'),(79,'750328141999','Deep Clean Facial Cleanser',300,'https://chedrauimx.vtexassets.com/arquivos/ids/38327954-1200-auto?v=638658165021400000&width=1200&height=auto&aspect=true',9,4,300,'Limpiador facial que elimina la suciedad y el exceso de grasa, dejando la piel profundamente limpia y revitalizada.'),(80,'750945515877','Ultra Gentle Daily Cleanser',180,'https://m.media-amazon.com/images/I/61aEWPQ2FbL.jpg',9,4,300,'Limpiador facial suave, ideal para pieles sensibles, que elimina impurezas y maquillaje sin irritar la piel.'),(81,'750913217824','Neutrogena Makeup Remover Cleansing Towelettes',300,'https://m.media-amazon.com/images/I/61w5-Xr3FEL.jpg',9,4,300,'Toallitas desmaquillantes que eliminan el maquillaje, incluso a prueba de agua, dejando la piel limpia y fresca.'),(82,'750375572395','Clear Pore Cleanser/Mask',260,'https://encrypted-tbn0.gstatic.com/images?q=tbn:ANd9GcSyfHzQGZq9WaLCp0Ijcq9_yzII6lnWLtIBNA&s',9,4,300,'Producto 2 en 1 que funciona como limpiador diario y mascarilla, con ácido salicílico para combatir el acné y limpiar los poros.'),(83,'750739559488','Pink Grapefruit Foaming Scrub',350,'https://acdn.mitiendanube.com/stores/003/013/682/products/j10-1cf26164783d072d2b17047482742826-480-0.png',9,4,300,'Exfoliante facial con ácido salicílico y toronja rosa, que combate el acné mientras suaviza la textura de la piel.'),(84,'750504333704','Hydrating Facial Cleanser',320,'https://emanti.mx/cdn/shop/files/76d37ea2-7828-4f7b-b32f-2d53463daf66.jpg?v=1711174197',9,5,300,'Limpiador facial hidratante con ceramidas y ácido hialurónico, que limpia y restaura la barrera de hidratación de la piel.'),(85,'750548342285','Foaming Facial Cleanser',400,'https://m.media-amazon.com/images/I/516r6ghtxaL.jpg',9,5,300,'Limpiador facial espumoso que elimina el maquillaje y la suciedad, dejando la piel fresca y equilibrada.'),(86,'750752601335','Renewing SA Cleanser',150,'https://m.media-amazon.com/images/I/61wvSMgzHEL.jpg',9,5,300,'Limpiador facial con ácido salicílico, ceramidas y niacinamida, que exfolia suavemente y mejora la textura de la piel.'),(87,'750366372477','Hydrating Cleanser Bar',350,'https://recapbeauty.com/cdn/shop/files/Disenosintitulo-13_a2ba40ce-2adb-4411-bed0-b8fa67d06ec3.png?v=1729100002',9,5,300,'Barra limpiadora que hidrata mientras limpia, con ceramidas y sin fragancia, ideal para pieles sensibles.'),(88,'750553164171','Acne Foaming Cream Cleanser',280,'https://m.media-amazon.com/images/I/81OQHXYinzL._AC_UF1000,1000_QL80_.jpg',9,5,300,'Limpiador facial en crema con peróxido de benzoilo que combate eficazmente el acné y ayuda a prevenir futuros brotes.'),(89,'750973962839','Hydrating Body Wash',350,'https://www.cerave.com/-/media/project/loreal/brand-sites/cerave/americas/us/products-v3/hydrating-body-wash/700x700/cerave_hydrating_body_wash_10oz_front-700x700-v2.jpg?rev=b57499f94c6d41a8b5a363ff93178139',9,5,300,'Gel de ducha hidratante con ácido hialurónico, que limpia y nutre la piel, dejando una sensación suave y humectada.'),(90,'750740231783','Squalane Cleanser',400,'https://www.sephora.com.mx/on/demandware.static/-/Sites-masterCatalog_Sephora/es_MX/dwe4921d92/images/hi-res/boletos/Dany%20Sanchez/TheOrdinary/skincare-theordinary-limpiador-769915196047A.jpg',9,6,300,'Limpiador suave con escualeno que elimina el maquillaje e impurezas mientras hidrata, ideal para pieles sensibles y secas.'),(91,'750611403854','Glycolic Acid 7% Toning Solution',480,'https://cdn.cosmostore.org/cache/front/shop/products/592/1818365/650x650.jpg',10,6,300,'Tónico exfoliante con ácido glicólico al 7%, que ayuda a mejorar la textura de la piel, iluminándola y reduciendo las imperfecciones con uso continuo.'),(92,'750077383822','Two In One Poreless Power Liquid ',950,'https://thehappyface.mx/cdn/shop/products/Cosrx-TWO-IN-ONE-PORELESS-POWER-LIQUID.png?v=1677511845&width=1280',10,6,300,'Tónico y tratamiento en uno, diseñado para minimizar la apariencia de los poros y suavizar la textura de la piel, ideal para pieles grasas o con tendencia al acné.'),(93,'750525821328','Rapid Wrinkle Repair Serum',900,'https://i.ebayimg.com/images/g/3P4AAOSwmLljUN3E/s-l1600.webp',11,4,300,'Sérum con retinol y ácido hialurónico que reduce visiblemente las líneas finas y arrugas, mejorando la textura de la piel.'),(94,'750851384611','Neutrogena Ageless Intensives Deep Wrinkle Serum',750,'https://m.media-amazon.com/images/I/81xYcAHaE4L.jpg',11,4,300,'Tratamiento antiarrugas con retinol puro, diseñado para minimizar las arrugas profundas y mejorar la firmeza de la piel.'),(95,'750803970432','Skin Renewing Vitamin C Serum',700,'https://m.media-amazon.com/images/I/71h9qjljxIL.jpg',11,5,300,'Sérum antioxidante con vitamina C, que ilumina la piel, reduce las manchas oscuras y mejora la apariencia general.'),(96,'750024836244','Resurfacing Retinol Serum',280,'https://http2.mlstatic.com/D_NQ_NP_2X_735621-MLA54737980241_032023-F.webp',11,5,300,'Sérum con retinol y péptidos que exfolia suavemente la piel, reduciendo imperfecciones y signos de envejecimiento.'),(97,'750796456225','Niacinamide 10% + Zinc 1%',350,'https://m.media-amazon.com/images/I/61K5tcI6JBL.__AC_SX300_SY300_QL70_ML2_.jpg',11,6,300,'Tratamiento que regula la producción de sebo, mejora la textura de la piel y reduce las imperfecciones.'),(98,'750032838578','Hyaluronic Acid 2% + B5',750,'https://www.elpalaciodehierro.com/dw/image/v2/BDKB_PRD/on/demandware.static/-/Sites-palacio-master-catalog/default/dw29d368af/images/43833769/large/43833769_x1.jpg?sw=960&sh=1152',11,6,300,'Sérum hidratante con ácido hialurónico y vitamina B5 que retiene la humedad y suaviza la piel.'),(99,'750495713528','Buffet Serum',250,'https://mizukbeauty.com/cdn/shop/products/buffet.jpg?v=1645049018',11,6,300,'Sérum multiacción con péptidos que reducen los signos de envejecimiento como arrugas y falta de firmeza.'),(100,'750499070781','Rose Hip Seed Oil',280,'https://www.sephora.com.mx/on/demandware.static/-/Sites-masterCatalog_Sephora/es_MX/dw800d76d3/images/hi-res/boletos/Roc%C3%ADo%20Mart%C3%ADnez/THE%20ORDINARY/769915195552_1.jpg',11,6,300,'Aceite natural rico en antioxidantes y ácidos grasos que hidrata y mejora el tono y textura de la piel.'),(101,'750627897909','Alpha Arbutin 2% + HA',380,'https://www.elpalaciodehierro.com/dw/image/v2/BDKB_PRD/on/demandware.static/-/Sites-palacio-master-catalog/default/dw637c6bd1/images/38531947/large/38531947_x1.jpg?sw=960&sh=1152',11,6,300,'Tratamiento que reduce las manchas oscuras y unifica el tono de la piel, con ácido hialurónico para hidratación.'),(102,'750240833607','Vitamin C Suspension 23% + HA Spheres 2%',420,'https://www.sephora.com.mx/on/demandware.static/-/Sites-masterCatalog_Sephora/es_MX/dwbfebb58d/images/hi-res/boletos/Dany%20Sanchez/TheOrdinary/skincare-the-ordinary-antiedad-769915196061A.jpg',11,6,300,'Sérum con alta concentración de vitamina C y ácido hialurónico para iluminar y mejorar la textura de la piel.'),(103,'750469954167','Ascorbic Acid 8% + Alpha Arbutin 2%',320,'https://www.uhlala.mx/cdn/shop/products/rdn-100pct-AscorbicAcid8_AlphaArbutin2-Product-30ml_800x.png?v=1638999316',11,6,300,'Combinación de vitamina C y alfa arbutina que combate la hiperpigmentación y mejora la luminosidad.'),(104,'750398485111','Marine Hyaluronics',380,'https://beautyboxmerida.com/cdn/shop/products/p455899-av-01-zoom.jpg?v=1601752679&width=700',11,6,300,'Fórmula ligera con extractos marinos y ácido hialurónico que hidrata profundamente la piel.'),(105,'750907582369','Magnesium Ascorbyl Phosphate 10%',450,'https://m.media-amazon.com/images/I/610psDykzNL._AC_UF1000,1000_QL80_.jpg',11,6,300,'Derivado estable de vitamina C que mejora la luminosidad y uniformidad del tono de la piel.'),(106,'750240332460','Pycnogenol 5%',950,'https://beautyboxmerida.com/cdn/shop/products/p455898-av-01-zoom.jpg?v=1583348806&width=1500',11,6,300,'Antioxidante derivado de la corteza de pino que protege la piel del daño ambiental y mejora la elasticidad.'),(107,'750430972375','Copper Peptides 1%',420,'https://www.sephora.com.mx/on/demandware.static/-/Sites-masterCatalog_Sephora/es_MX/dw4622f3bf/images/hi-res/boletos/Roc%C3%ADo%20Mart%C3%ADnez/THE%20ORDINARY/769915233179_1.jpg',11,6,300,'Sérum con péptidos de cobre que estimula la producción de colágeno y elastina para mejorar la firmeza de la piel.'),(108,'750032809394','Granactive Retinoid 2% in Squalane',420,'https://damarbeauty.com/cdn/shop/files/the_ordinary_granactive_retinoid_2_in_squalane_theordinarymexico_deciemmexico_maquillajemexico_cosmeticosmexico_granactive.webp?v=1710180106',11,6,300,'Retinoide avanzado suspendido en escualano que combate los signos de envejecimiento sin causar irritación.'),(109,'750705363836','Hydro Boost Exfoliating Cleanser',300,'https://images.ctfassets.net/ir0g9r0fng0m/6Vu83Yk35aTpIl8EKBHuhx/4c6e95a3433b05a63c3dcc2cc270def8/neutrogena-producto-hydro-boost-exfoliante-packshot-es-mx',12,4,300,'Limpiador exfoliante con ácido hialurónico que elimina las células muertas mientras hidrata y refresca la piel.'),(110,'750267390939','Neutrogena Deep Clean Invigorating Foaming Scrub',260,'https://valcosmetics.mx/cdn/shop/files/6805021_alt_1.jpg?v=1714106888',12,4,300,'Exfoliante facial que limpia profundamente los poros, eliminando impurezas, exceso de grasa y células muertas de la piel. Su fórmula espumosa proporciona una sensación refrescante y energizante, dejando la piel suave, revitalizada. '),(111,'750545613376','CeraVe Hydrating Cream-to-Foam Cleanser ',400,'https://m.media-amazon.com/images/I/61PiwkxBaeL.jpg',12,5,300,'Limpiador facial que comienza como una crema hidratante y se transforma en una espuma ligera al contacto con el agua. Está diseñado para limpiar la piel eficazmente, eliminando impurezas y maquillaje sin resecarla. '),(112,'750472128501','CeraVe Acne Foaming Cream Cleanser ',350,'https://m.media-amazon.com/images/I/713XbsnceQL._AC_SX679_.jpg',12,5,300,'Limpiador espumoso específicamente formulado para pieles propensas al acné. Contiene ácido salicílico, que ayuda a limpiar los poros y prevenir brotes.'),(113,'750928635756','AHA 30% + BHA 2% Peeling Solution',450,'https://www.sephora.com.mx/on/demandware.static/-/Sites-masterCatalog_Sephora/es_MX/dwda7ede7e/images/hi-res/boletos/Dany%20Sanchez/TheOrdinary/skincare-theordinary-769915195606B.jpg',12,6,300,'Exfoliante químico de alta potencia que combina ácidos alfa y beta-hidroxi para mejorar la textura de la piel, aclarar manchas y destapar poros.'),(114,'750180317204','Lactic Acid 5% + HA',300,'https://m.media-amazon.com/images/I/51fzAcW78WL._AC_UF1000,1000_QL80_.jpg',12,6,300,'Exfoliante suave con ácido láctico y ácido hialurónico que mejora la textura y luminosidad de la piel, apto para pieles sensibles.'),(115,'750197681799','Lactic Acid 10% + HA',350,'https://www.sephora.com.mx/dw/image/v2/BFJC_PRD/on/demandware.static/-/Sites-masterCatalog_Sephora/es_MX/dwf47d4adf/images/hi-res/boletos/Roc%C3%ADo%20Mart%C3%ADnez/THE%20ORDINARY/769915190373_1.jpg?sw=1200&sh=1200&sm=fit',12,6,300,'Exfoliante más concentrado con ácido láctico y ácido hialurónico, ideal para una exfoliación eficaz y una piel más suave y brillante.'),(116,'750931819833','Mandelic Acid 10% + HA',350,'https://spabodycenter.com.mx/wp-content/uploads/2021/02/Mandelic-Acid-10-HA.jpg',12,6,300,'Exfoliante químico con ácido mandélico y ácido hialurónico, diseñado para pieles sensibles o principiantes en exfoliantes.'),(117,'750217741182','Salicylic Acid 2% Solution',350,'https://www.sephora.com.mx/on/demandware.static/-/Sites-masterCatalog_Sephora/es_MX/dwb6fbb729/images/hi-res/boletos/Roc%C3%ADo%20Mart%C3%ADnez/THE%20ORDINARY/769915199581_2.jpg',12,6,300,'Tratamiento con ácido salicílico que limpia profundamente los poros, combate el acné y reduce las imperfecciones en la piel.'),(118,'750018793909','Hydro Boost Water Gel',450,'https://www.fahorro.com/media/catalog/product/7/8/7891010882983_2__1.jpg?optimize=medium&bg-color=255,255,255&fit=bounds&height=700&width=700&canvas=700:700',13,4,300,'Hidratante ligero en gel con ácido hialurónico, que hidrata profundamente sin dejar sensación de grasa.'),(119,'750789863374','Hydro Boost Gel Cream',500,'https://cosmetis.com/media/catalog/product/cache/8357f3cfca25f65dc286e017d4e3bdcd/n/e/neutrogena_hydroboostgelcreme.jpg',13,4,300,'Crema en gel con ácido hialurónico, ideal para pieles secas, que proporciona hidratación intensa y duradera.'),(120,'750882541856','Norwegian Formula Hand Cream',250,'https://m.media-amazon.com/images/I/71PUKONzzgL.jpg',13,4,300,'Crema de manos enriquecida con glicerina, diseñada para reparar y proteger la piel seca y agrietada.'),(121,'750516402505','Neutrogena Rapid Wrinkle Repair Regenerating Cream',600,'https://http2.mlstatic.com/D_NQ_NP_2X_679240-MLU54965115042_042023-F.webp',13,4,300,'Crema regeneradora diseñada para reducir visiblemente las arrugas y líneas finas en la piel. Su fórmula contiene retinol, que acelera el proceso de renovación celular, y es ideal para combatir los signos del envejecimiento.'),(122,'750174537465','Healthy Skin Anti-Wrinkle Cream SPF 15',550,'https://ntg-catalog.imgix.net/products/6806120_nocolor_8.jpg?fm=jpg&auto=format&w=720&h=866&fit=crop',13,4,300,'Crema antiarrugas con retinol y SPF 15, que combate las líneas finas mientras protege contra el daño solar.'),(123,'750020778493','Neutrogena Oil-Free Moisture for Sensitive Skin',450,'https://m.media-amazon.com/images/I/61Y05d+imBL.jpg',13,4,300,'Hidratante libre de aceite, especialmente formulado para pieles sensibles. Su fórmula ligera y no comedogénica hidrata la piel sin obstruir los poros ni causar irritación. Es ideal para mantener la piel suave y equilibrada.'),(124,'750713892714','Neutrogena Healthy Skin Radiance SPF 30',500,'https://m.media-amazon.com/images/I/716nN9RiWqL.jpg',13,4,300,'Hidratante diario con antioxidantes y SPF 30, que mejora la luminosidad de la piel y la protegida del sol.'),(125,'750689016424','Hydrating Lotion',400,'https://static.beautytocare.com/media/catalog/product/c/e/cerave-moisturizing-lotion-dry-to-very-dry-skin-1l_2.jpg',13,5,300,'Loción hidratante ligera que restaura la barrera de humedad de la piel, adecuada para uso diario.'),(126,'750269946562','Moisturizing Cream',450,'https://m.media-amazon.com/images/I/61EidjXUBrL.jpg',13,5,300,'Crema rica en hidratación, ideal para pieles secas y sensibles, que restaura y protege la barrera cutánea.'),(127,'750797398143','Moisturizing Lotion',400,'https://m.media-amazon.com/images/I/71etIFqlwCL._AC_SX679_.jpg',13,5,300,'Loción hidratante ligera para rostro y cuerpo, que proporciona hidratación sin sensación duradera de grasa.'),(128,'750053073438','Daily Moisturizing Cream',450,'https://static.beautytocare.com/media/catalog/product/c/e/cerave-moisturizing-cream-dry-to-very-dry-skin-454g_1.jpg',13,5,300,'Hidratante diario de textura rica que nutre y suaviza la piel, adecuada para pieles secas.'),(129,'750817374726','CeraVe Renewing SA Cream',500,'https://m.media-amazon.com/images/I/51XBpwNuXlL.__AC_SX300_SY300_QL70_ML2_.jpg',13,5,300,'Crema hidratante exfoliante formulada con ácido salicílico (SA), que ayuda a eliminar las células muertas de la piel y suavizar la textura rugosa. '),(130,'750410390765','Hydrating Night Cream',500,'https://m.media-amazon.com/images/I/71r7bLsvaVL.jpg',13,5,300,'Crema de noche profundamente hidratante que nutre la piel mientras descansas, mejorando su textura y luminosidad.'),(131,'750505594378','Healing Ointment',400,'https://m.media-amazon.com/images/I/71eYdjrihNL.jpg',13,5,300,'Ungüento reparador que calma y protege la piel seca, agrietada o irritada, ayudando a restaurar la barrera cutánea.'),(132,'750195806427','PM Facial Moisturizing Lotion',450,'https://beautyboxmerida.com/cdn/shop/products/ImagendeWhatsApp2022-12-28alas22.24.38.jpg?v=1672287927&width=900',13,5,300,'Hidratante facial nocturno con ceramidas y niacinamida, que repara la barrera cutánea y mejora la hidratación durante la noche.'),(133,'750041949937','Eye Repair Cream',500,'https://www.hautboutique.com/cdn/shop/products/2269490.jpg?v=1674596051',13,5,300,'Crema para el contorno de ojos que hidrata y reduce la apariencia de ojeras, líneas finas y bolsas.'),(134,'750555350036','Natural Moisturizing Factors + HA',300,'https://www.sephora.com.mx/dw/image/v2/BFJC_PRD/on/demandware.static/-/Sites-masterCatalog_Sephora/es_MX/dwb3169934/images/hi-res/boletos/Vannya/THE%20ORDINARY/769915195934_1.jpg?sw=400&sh=400&sm=fit',13,6,300,'Hidratante con factores naturales de hidratación y ácido hialurónico, que restaura la humedad de la piel y mejora su textura.'),(135,'750601919692','Hydro Boost Overnight Gel Mask',500,'https://encrypted-tbn0.gstatic.com/images?q=tbn:ANd9GcTxy0a82UsmCOvGBr-sp5gTEh53j2S1IPO1-Q&s',14,4,300,'Mascarilla nocturna en gel con ácido hialurónico que proporciona hidratación profunda, ayudando a revitalizar y restaurar la piel mientras duermes.'),(136,'750882420771','Neutrogena Light Therapy Acne Mask',900,'https://i.ebayimg.com/images/g/FZoAAOSw17ZiG33b/s-l640.jpg',14,4,300,'Mascarilla de terapia de luz que utiliza luz roja y azul para reducir la inflamación y combatir las bacterias que causan el acné, promoviendo una piel más clara y saludable.'),(137,'750638737006','Rapid Clear Stubborn Acne Spot Gel',350,'https://m.media-amazon.com/images/I/71Y8qj3CiJL.jpg',15,4,300,'Tratamiento localizado con peróxido de benzoilo que combate rápidamente los brotes de acné persistente, reduciendo el enrojecimiento y la inflamación.'),(138,'750840805731','Visibly Even Spot Treatment',600,'https://m.media-amazon.com/images/I/71pgnBEphkL._AC_UF1000,1000_QL80_.jpg',15,4,300,'Tratamiento para manchas oscuras que unifica el tono de la piel y reduce la apariencia de marcas causadas por el acné.'),(139,'750027952933','Acne Control Gel',450,'https://www.thebeautyboxmexico.com/17163-thickbox_default/acne-control-gel.jpg',15,5,300,'Gel con ácido salicílico que limpia los poros obstruidos y combate el acné, ayudando a prevenir nuevos brotes.'),(140,'750044527534','Acne Treatment Gel',450,'https://acdn.mitiendanube.com/stores/003/013/682/products/k16-b3246e8a60605d718c17049156108175-1024-1024.webp',15,5,300,'Tratamiento en gel diseñado para reducir las imperfecciones, calmar la piel y acelerar la recuperación de los brotes.'),(141,'750321719787','CeraVe SA Cream for Rough & Bumpy Skin',500,'https://m.media-amazon.com/images/I/51VBe8RMF8L.jpg',15,5,300,'Crema exfoliante con ácido salicílico y ceramidas que suaviza las áreas rugosas de la piel mientras restaura su barrera natural.'),(142,'750410437233','Healing Ointment for Dry Skin',400,'https://www.fahorro.com/media/catalog/product/3/3/3337875849326.png?optimize=medium&bg-color=255,255,255&fit=bounds&height=700&width=700&canvas=700:700&format=jpeg&dpr=2%202x',15,5,300,'Ungüento reparador para piel extremadamente seca y agrietada, que hidrata y protege con una barrera oclusiva.'),(143,'750150112771','Retinol 0.5% in Squalane',400,'https://m.media-amazon.com/images/I/61rqP4nQWUL.jpg',15,6,300,'Tratamiento con retinol de baja concentración suspendido en escualano, que reduce los signos de envejecimiento sin irritar la piel.'),(144,'750062651256','Retinol 1% in Squalane',450,'https://womensbeauty.mx/cdn/shop/files/62bdd0db7f260_10480webpjpg.jpg?v=1710877957',15,6,300,'Potente suero con retinol puro suspendido en escualano, que combate arrugas profundas y mejora la textura de la piel, recomendado para usuarios avanzados de retinol.'),(145,'750526770819','Caffeine Solution 5% + EGCG',350,'https://www.sephora.com.mx/on/demandware.static/-/Sites-masterCatalog_Sephora/es_MX/dw1d66c818/images/hi-res/boletos/Roc%C3%ADo%20Mart%C3%ADnez/THE%20ORDINARY/769915195712_1.jpg',15,6,300,'Sérum con cafeína y EGCG (extracto de té verde) que reduce la hinchazón y las ojeras en el área de los ojos, revitalizando el contorno.'),(146,'750455703501','Visibly Even Daily Moisturizer SPF 30',550,'https://m.media-amazon.com/images/I/71pgnBEphkL.jpg',16,4,300,'Hidratante diario con SPF 30 que unifica el tono de la piel y reduce la apariencia de manchas oscuras, proporcionando protección solar ligera.'),(147,'750609114544','Ultra Sheer Dry-Touch Sunscreen SPF 100',350,'https://m.media-amazon.com/images/I/61226-Y-o+L.jpg',16,4,300,'Protector solar de alta protección con textura ligera y acabado mate, que no deja sensación grasa y es resistente al agua.'),(148,'750152566283','Daily Moisturizing Lotion SPF 30',500,'https://beautyboxmerida.com/cdn/shop/products/617XrCx0ugL._SL1000.jpg?v=1622135394&width=1000',16,5,300,'Loción hidratante diaria con SPF 30 que combina hidratación y protección solar para prevenir daños causados por los rayos UV.'),(149,'750225222651','Hydrating Sunscreen SPF 30',450,'https://m.media-amazon.com/images/I/81PYzL5Y-pL.jpg',16,5,300,'Protector solar hidratante con ingredientes humectantes que protege la piel contra los rayos UV mientras la mantiene suave y flexible.'),(150,'750070276553','Hydrating Sunscreen SPF 50',550,'https://m.media-amazon.com/images/I/71QouitPbdL.jpg',16,5,300,'Protector solar hidratante de alta protección, ideal para pieles secas, que ofrece una barrera eficaz contra los rayos UV con una textura ligera y confortable.'),(151,'750371306616','Elvive Total Repair 5 Shampoo',105,'https://m.media-amazon.com/images/I/71oAzcTyiML.jpg',17,7,300,'Shampoo reparador que combate 5 signos de daño capilar (quiebre, sequedad, opacidad, aspereza y puntas abiertas).'),(152,'750737790755','Elvive Extraordinary Oil Shampoo',150,'https://static.beautytocare.com/media/catalog/product/l/-/l-oreal-paris-elvive-extraordinary-oil-shampoo-400ml.jpg',17,7,300,'Shampoo nutritivo con aceite de flores extraordinarias, para un cabello suave, brillante y manejable.'),(153,'750143777558','Elvive Dream Lengths Shampoo',130,'https://i5.walmartimages.com/seo/L-Oreal-Paris-Elvive-Dream-Lengths-Restoring-Shampoo-13-5-fl-oz_1cd9cdf3-67ac-463d-aeb8-8563683c058a.0981ab2c9e12071db8f18ed1ca0c7449.png',17,7,300,'Shampoo diseñado para alargar el cabello, ayudando a reducir el quiebre y promoviendo un crecimiento saludable.'),(154,'750801110884','Elvive Color Vibrancy Protecting Shampoo',140,'https://m.media-amazon.com/images/I/71J9Hg34KeL.jpg',17,7,300,'Shampoo que ayuda a proteger el color del cabello, manteniéndolo brillante y vibrante.'),(155,'750629169786','Elvive Revitalizing Shampoo',130,'https://target.scene7.com/is/image/Target/GUEST_a2638a78-312d-4b7f-a698-cdac319af6c1?wid=800&hei=800&qlt=80&fmt=webp',17,7,300,'Shampoo revitalizante que da frescura y vitalidad al cabello, dejándolo suave y manejable.'),(156,'750758790242','Elvive Extraordinary Oil Nourishing Shampoo',150,'https://m.media-amazon.com/images/I/71s7vpLv9BL.jpg',17,7,300,'Shampoo nutritivo con aceite de flores extraordinarias para cabello seco, dejándolo más suave y brillante.'),(157,'750573153897','Elvive Moisture-Deep Nourishing Shampoo',140,'https://m.media-amazon.com/images/I/61PjCSr8zXL.jpg',17,7,300,'Shampoo profundamente hidratante que proporciona nutrición a cabellos secos y dañados.'),(158,'750933294138','Elvive Revitalizing Anti-Dandruff Shampoo',130,'https://luxplus.imgix.net/content/product/image/63336-54201-1669802541.jpg',17,7,300,'Shampoo revitalizante anti-caspa que combate la caspa y revitaliza el cuero cabelludo.'),(159,'750936491739','Elvive Hyaluronic Hydrate Shampoo',140,'https://m.media-amazon.com/images/I/71xkZPLt6QL.jpg',17,7,300,'Shampoo hidratante con ácido hialurónico para proporcionar una hidratación profunda y duradera.'),(160,'750514299975','L\'Oréal Paris EverPure Sulfate-Free Color Care Shampoo',220,'https://m.media-amazon.com/images/I/816UeZMogrL.jpg',17,7,300,'Shampoo sin sulfatos, diseñado para cuidar el color del cabello y mantenerlo brillante'),(161,'750600767946','L\'Oréal Paris EverStrong Fortify System Shampoo',220,'https://chedrauimx.vtexassets.com/arquivos/ids/37134678-800-auto?v=638640436817500000&width=800&height=auto&aspect=true',17,7,300,'Shampoo fortalecedor que limpia profundamente y revitaliza el cabello, protegiéndolo del daño.'),(162,'750356883106','Pantene Pro-V Daily Moisture Renewal Shampoo',90,'https://m.media-amazon.com/images/I/71VOHUakR5L.jpg',17,8,300,'Shampoo hidratante para uso diario, que restaura la humedad y suaviza el cabello.'),(163,'750569352434','Pantene Pro-V Sheer Volume Shampoo',90,'https://m.media-amazon.com/images/I/71m4GJKIqVL.jpg',17,8,300,'Shampoo volumizador que aporta cuerpo y volumen al cabello fino y plano.'),(164,'750136195819','Pantene Pro-V Repair & Protect Shampoo',100,'https://images.ctfassets.net/r22v2vd8bb1u/56tR5O9GBuYLDJOSuJQkPY/1dfa5188709bbf6d2431af81aa8c8ec4/080878195213_C1N1_dt.jpg',17,8,300,'Shampoo reparador que ayuda a restaurar y proteger el cabello dañado.'),(165,'750960621668','Pantene Pro-V Nutrient Blends Miracle Moisture Shampoo',120,'https://static.chemistwarehouse.com.au/ams/media/pi/115921/2DF_800.jpg',17,8,300,'Shampoo con una mezcla nutritiva que proporciona hidratación intensa y restauración al cabello seco.'),(166,'750530106955','Pantene Pro-V Smooth & Sleek Shampoo',100,'https://images.ctfassets.net/r22v2vd8bb1u/XILxGjIrmRiZkl6XG2KA4/542043e2e84a2622189bf60a15cc0ea1/080878195107_C1N1_dt.jpg',17,8,300,'Shampoo suavizante que combate el frizz y deja el cabello liso y manejable.'),(167,'750444865096','Pantene Pro-V Curly Hair Series Shampoo',120,'https://m.media-amazon.com/images/I/71WfkgvWFGL.jpg',17,8,300,'Shampoo especializado para rizos, hidratando y definiendo el cabello rizado.'),(168,'750461724949','Pantene Pro-V Color Care Shampoo',100,'https://images.ctfassets.net/t5h9f291nfdh/5UQOSaVY32ZktsLJRwhVzO/c0eeb6314e4778a60b9c5f6bada46800/00080878197781_C1N1dt.jpg',17,8,300,'Shampoo para cabello teñido, que protege el color y mejora su durabilidad.'),(169,'750142726404','Pantene Pro-V Fine Hair Solutions Shampoo',90,'https://i5.walmartimages.com/seo/P-G-Pantene-Fine-Hair-Solutions-Shampoo-12-6-oz_85e6b2c0-4267-4644-9c8c-d8294ca66e8b.8d612ddd92a7158cc931b77e4107a257.jpeg?odnHeight=768&odnWidth=768&odnBg=FFFFFF',17,8,300,' Shampoo ligero para cabello fino, proporcionando volumen sin apelmazar.'),(170,'750372607378','Pantene Pro-V Volume Shampoo',100,'https://m.media-amazon.com/images/I/61V6svZ2UJL.jpg',17,8,300,'Shampoo que agrega volumen y cuerpo al cabello, dejándolo con más cuerpo y movimiento.'),(171,'750650467684','Pantene Pro-V Miracles Grow Strong Shampoo',120,'https://static.beautytocare.com/media/catalog/product/p/a/pantene-pro-v-miracles-grow-strong-shampoo-225ml.jpg',17,8,300,'Shampoo fortificante que promueve el crecimiento saludable del cabello, ayudando a prevenir la rotura.'),(172,'750941161025','Pantene Pro-V Micellar Water Shampoo',100,'https://m.media-amazon.com/images/I/71RalGt592L.jpg',17,8,300,'Shampoo suave con agua micelar que limpia profundamente sin dañar el cabello.'),(173,'750388420657','Pantene Pro-V Total Damage Care Shampoo',110,'https://m.media-amazon.com/images/I/618XCAvlr5L.jpg',17,8,300,'Shampoo reparador para cabellos dañados, ayudando a restaurar su fortaleza y brillo.'),(174,'750063028936','Olaplex No. 4 Bond Maintenance Shampoo',500,'https://www.sephora.com.mx/on/demandware.static/-/Sites-masterCatalog_Sephora/es_MX/dw5fc67d79/images/hi-res/shampoo-olaplex-olaplex-no-dot-4-bond-maintenance-shampoo-250ml-champu-para-cabello-danado896364002428A.jpg',17,9,300,'Shampoo reparador que restaura y mantiene la estructura interna del cabello dañado.'),(175,'750194773218','Olaplex No. 4P Blonde Enhancer Toning Shampoo',550,'https://www.bellamia.com.mx/cdn/shop/products/Untitled-1saa_600x.png?v=1634928491',17,9,300,'Shampoo tonificador para cabello rubio, que elimina tonos amarillos no deseados y refuerza los cabellos rubios.'),(176,'750955875703','Olaplex No. 4S Clarifying Shampoo',550,'https://nuestrosecreto.com.mx/cdn/shop/products/OLAPLEX_N4C_1200x.png?v=1663886828',17,9,300,'Shampoo clarificante que elimina residuos y acumulación de productos, manteniendo el cabello limpio y sano.'),(177,'750961941464','Olaplex No. 4 Bond Maintenance Shampoo Travel Size',300,'https://sallybeautymx.vtexassets.com/arquivos/ids/210006-1600-1600?v=638647087741730000&width=1600&height=1600&aspect=true',17,9,300,'Versión de viaje del shampoo Olaplex No. 4, diseñado para reparar y mantener el cabello dañado.'),(178,'750662785009','Elvive Total Repair 5 Conditioner',105,'https://m.media-amazon.com/images/I/71D4YTt2q6L.jpg',18,7,300,'Acondicionador reparador que combate 5 signos de daño capilar, dejando el cabello suave y saludable.'),(179,'750875652124','Elvive Extraordinary Oil Conditioner',150,'https://m.media-amazon.com/images/I/81NC2+n0TYL.jpg',18,7,300,'Acondicionador nutritivo con aceite de flores extraordinarias, ideal para cabello seco, dejándolo suave y manejable.'),(180,'750428145467','Elvive Dream Lengths Conditioner',130,'https://static.beautytocare.com/cdn-cgi/image/width=1600,height=1600,f=auto/media/catalog/product//l/-/l-oreal-paris-elvive-dream-long-conditioner-500ml_1.jpg',18,7,300,'Acondicionador que ayuda a alargar el cabello, promoviendo su crecimiento saludable y reduciendo el quiebre.'),(181,'750033473141','Elvive Color Vibrancy Protecting Conditioner',140,'https://m.media-amazon.com/images/I/71Kywxhn9zL.jpg',18,7,300,'Acondicionador que protege el color del cabello, manteniéndolo vibrante y evitando la decoloración.'),(182,'750484319636','Elvive Revitalizing Conditioner',130,'https://m.media-amazon.com/images/I/71cimE7R3iL._AC_UF1000,1000_QL80_.jpg',18,7,300,'Acondicionador revitalizante que proporciona frescura y suavidad, dejándolo más manejable y brillante.'),(183,'750700322944','Elvive Extraordinary Oil Nourishing Conditioner',150,'https://encrypted-tbn0.gstatic.com/images?q=tbn:ANd9GcQBK4YWIzP6KbRYryXxVYm3VVIKFRtpU4yOEQ&s',18,7,300,'Acondicionador nutritivo con aceite de flores extraordinarias que proporciona nutrición intensa al cabello seco.'),(184,'750265665404','Elvive Moisture-Deep Nourishing Conditioner',140,'https://m.media-amazon.com/images/I/61QUBJ0bGQL._AC_UF894,1000_QL80_.jpg',18,7,300,'Acondicionador profundamente hidratante, ideal para cabello seco y dañado, restaurando su suavidad y brillo.'),(185,'750347638152','Elvive Hyaluronic Hydrate Conditioner',140,'https://m.media-amazon.com/images/I/71NRxpcgF1L.jpg',18,7,300,'Acondicionador hidratante con ácido hialurónico que mantiene el cabello hidratado y suave durante más tiempo.'),(186,'750984943488','L\'Oréal Paris EverPure Sulfate-Free Color Care Conditioner',220,'https://i5.walmartimages.com/seo/L-Oreal-Paris-Sulfate-Free-Thickening-Conditioner-Fortifying-Fine-Hair-EverPure-8-5-fl-oz_b491a4c4-3488-4ae8-9347-1ccc7f268b77.42f7dff2933d62c92b01455be4a4daee.jpeg?odnHeight=768&odnWidth=768&odnBg=FFFFFF',18,7,300,'Acondicionador sin sulfatos que protege el color del cabello, dejándolo suave y manejable.'),(187,'750097861311','L\'Oréal Paris EverStrong Fortify System Conditioner',220,'https://chedrauimx.vtexassets.com/arquivos/ids/37480319-800-auto?v=638645193017230000&width=800&height=auto&aspect=true',18,7,300,'Acondicionador fortalecedor que revitaliza el cabello y lo protege del daño.'),(188,'750890207266','Pantene Pro-V Daily Moisture Renewal Conditioner',100,'https://images.ctfassets.net/r22v2vd8bb1u/46qDi3Vauu83a3FQfmknPI/573afe58133ae1abd370d70a6cc17488/080878195060_C1N1_dt.jpg',18,8,300,'Acondicionador hidratante para uso diario que restaura la humedad y suaviza el cabello.'),(189,'750784364287','Pantene Pro-V Sheer Volume Conditioner',90,'https://images.ctfassets.net/r22v2vd8bb1u/2y9Yo8lltxyBC8LyKLbaos/2393946ef6697a887343dd28f0310a31/00080878194971_C1N1_dt.jpg',18,8,300,'Acondicionador volumizador que añade cuerpo y volumen al cabello fino, dejándolo ligero y con movimiento.'),(190,'750768147611','Pantene Pro-V Repair & Protect Conditioner',100,'https://images.ctfassets.net/r22v2vd8bb1u/6IlvvD3hdBb4OkxUmkNJMw/18aee63869a06ba826b697692742ab14/080878195008_C1N1_dt.jpg',18,8,300,'Acondicionador reparador que ayuda a restaurar el cabello dañado, dejándolo fuerte y saludable.'),(191,'750018418966','Pantene Pro-V Nutrient Blends Miracle Moisture Conditioner',120,'https://i5.walmartimages.com/seo/Pantene-Pro-V-Nutrient-Blends-Miracle-Moisture-Boost-Conditioner-8-fl-oz_bd3a739d-2e2e-4f94-a4d4-154bb73cedb8.e6ca4c002e3cde21cf5f43e58c4ea7ed.jpeg',18,8,300,'Acondicionador nutritivo que proporciona hidratación intensa y restauración al cabello seco.'),(192,'750932291993','Pantene Pro-V Smooth & Sleek Conditioner',100,'https://m.media-amazon.com/images/I/6136hd82zNL.jpg',18,8,300,'Acondicionador suavizante que combate el frizz y deja el cabello liso y manejable.'),(193,'750937736895','Pantene Pro-V Curly Hair Series Conditioner',120,'https://images.ctfassets.net/r22v2vd8bb1u/5slsTjzem2Xm5CKW40umRo/3c4ac3c8365f5331ad81a0b7b765d5ad/00080878195015_C1N1_dt.jpg',18,8,300,'Acondicionador especialmente formulado para rizos, hidratando y definiendo el cabello rizado.'),(194,'750514030632','Pantene Pro-V Color Care Conditioner',100,'https://m.media-amazon.com/images/I/71bsFN69+uL.jpg',18,8,300,'Acondicionador diseñado para cabellos teñidos, protegiendo y mejorando la durabilidad del color.'),(195,'750760593519','Pantene Pro-V Fine Hair Solutions Conditioner',90,'https://encrypted-tbn0.gstatic.com/images?q=tbn:ANd9GcRzkNzX9VRxBGl6xvYiwvypl7QnrFpty442cllHf6QJrfFJWux9cZL0CKX6r6SKqlb3W2M&usqp=CAU',18,8,300,'Acondicionador ligero para cabello fino, proporcionando volumen sin apelmazar.'),(196,'750264864408','Pantene Pro-V Volume Conditioner',100,'https://m.media-amazon.com/images/I/71vAeHa5UYL.jpg',18,8,300,'Acondicionador que aporta volumen y cuerpo al cabello, dejándolo más lleno y con movimiento.'),(197,'750697471955','Pantene Pro-V Miracles Grow Strong Conditioner',120,'https://static.beautytocare.com/cdn-cgi/image/width=1600,height=1600,f=auto/media/catalog/product//p/a/pantene-pro-v-miracles-grow-strong-conditioner-200ml.jpg',18,8,300,'Acondicionador fortificante que promueve el crecimiento saludable del cabello, ayudando a prevenir la rotura.'),(198,'750357894986','Pantene Pro-V Micellar Water Conditioner',100,'https://m.media-amazon.com/images/I/71+4YclmReL.jpg',18,8,300,'Acondicionador suave con agua micelar que limpia y nutre el cabello sin dañarlo.'),(199,'750975745973','Pantene Pro-V Total Damage Care Conditioner',110,'https://m.media-amazon.com/images/I/71LlcU3NptL.jpg',18,8,300,'Acondicionador reparador para cabellos dañados, restaurando su fortaleza y brillo.'),(200,'750756678647','Olaplex No. 5 Bond Maintenance Conditioner',500,'https://m.media-amazon.com/images/I/51gtir2bM3L.__AC_SX342_SY445_QL70_ML2_.jpg',18,9,300,'Acondicionador que ayuda a restaurar y mantener la estructura interna del cabello dañado, dejándolo más fuerte.'),(201,'750291226046','Olaplex No. 5P Blonde Enhancer Toning Conditioner',550,'https://cloudinary.images-iherb.com/image/upload/f_auto,q_auto:eco/images/opx/opx07629/v/8.jpg',18,9,300,'Acondicionador tonificador para cabello rubio, eliminando tonos amarillos no deseados y fortaleciendo los cabellos rubios.'),(202,'750526742103','Olaplex No. 5 Bond Maintenance Conditioner Travel Size',300,'https://damarbeauty.com/cdn/shop/files/image_51ef6ee1-4690-4420-9fbd-b4b618dcbc1d.jpg?v=1687972568',18,9,300,'Acondicionador reparador de tamaño de viaje, ideal para mantener el cabello fuerte y saludable durante los viajes.'),(203,'750594272913','Pantene Pro-V Intense Rescue Shots',120,'https://m.media-amazon.com/images/I/81lZ-aVIwnL.jpg',19,8,300,'Tratamiento intensivo en forma de viales que ayuda a reparar el daño profundo del cabello. Proporciona hidratación, restauración y suavidad, ayudando a recuperar la salud del cabello dañado.'),(204,'750439183128','Olaplex No. 8 Bond Intense Moisture Mask',600,'https://www.sephora.com.mx/on/demandware.static/-/Sites-masterCatalog_Sephora/es_MX/dwec5913ab/images/hi-res/boletos/Dany/olaplex/896364002947-olaplex.jpg',19,9,300,'Máscara hidratante y reparadora que proporciona una hidratación intensa, restaurando la estructura interna del cabello y dejándolo suave, brillante y manejable. Ayuda a mejorar la textura y fortalecer el cabello dañado.'),(205,'750533206598','Olaplex No. 8 Bond Intense Moisture Mask (Luxe)',650,'https://cloudinary.images-iherb.com/image/upload/f_auto,q_auto:eco/images/opx/opx42991/v/8.jpg',19,9,300,'Versión de lujo de la máscara Olaplex No. 8, con la misma fórmula reparadora e hidratante, pero con una presentación premium que ofrece una experiencia más rica en nutrición para el cabello dañado.'),(206,'750080266443','Elvive Extraordinary Oil Serum',180,'https://m.media-amazon.com/images/I/716JcT0yqXS.jpg',20,7,300,'Sérum nutritivo con aceite de flores extraordinarias que proporciona suavidad, brillo y protección al cabello. Ayuda a controlar el frizz y deja el cabello manejable y sedoso.'),(207,'750157653991','Olaplex No. 7 Bonding Oil',550,'https://shop.beautyart.com.mx/cdn/shop/products/olx0000-olaplex-bonding-oil-no-7-30-ml_1500x.jpg?v=1596820853',20,9,300,'Aceite reparador que fortalece el cabello dañado, restaura su estructura y aporta brillo. Además, ofrece protección contra el calor y el daño ambiental, dejando el cabello suave y saludable.'),(208,'750662505962','Olaplex No. 9 Bond Protector Nourishing Hair Serum',550,'https://www.sephora.com.mx/on/demandware.static/-/Sites-masterCatalog_Sephora/es_MX/dw0c401281/images/hi-res/boletos/Vannya/OLAPLEX/hair-olaplex-no9-850018802291-A.jpg',20,9,300,'Sérum protector e hidratante que ayuda a fortalecer y proteger el cabello de los daños causados por contaminantes y factores ambientales. Aporta hidratación, suavidad y brillo sin apelmazar el cabello.'),(209,'750192584926','Olaplex No. 6 Bond Smoother Leave-In Treatment',500,'https://shop.beautyart.com.mx/cdn/shop/products/OLAPLEX-NO.-6-BOND-SMOOTHER_-100-ML_1200x1200.jpg?v=1663257346',21,9,300,'Tratamiento sin enjuague que hidrata y suaviza el cabello, mejorando su textura y manejabilidad. Ayuda a reducir el frizz, restaura la fuerza y la salud del cabello dañado, y proporciona un acabado suave y brillante.'),(210,'750760696968','Olaplex No. 6 Bond Smoother Travel Size',300,'https://earthlylove.co.uk/wp-content/uploads/2024/05/PhotoGrid_1715262382679.jpg',21,9,300,'Versión de viaje del Olaplex No. 6, con la misma fórmula hidratante y reparadora en un tamaño más compacto, ideal para mantener el cabello suave, saludable y sin frizz mientras viajas.'),(211,'750392793076','Pantene Pro-V Scalp Care + Nourish Shampoo',100,'https://i5.walmartimages.com/seo/Pantene-Pro-V-Damage-Detox-Scalp-Care-Shampoo-20-1-fl-oz_563bd774-de9f-484a-9740-79081774c637_1.685184eef258732f60e6845f4acf0c21.jpeg?odnHeight=768&odnWidth=768&odnBg=FFFFFF',22,7,300,'Shampoo diseñado para cuidar y nutrir el cuero cabelludo, mientras limpia suavemente el cabello. Su fórmula, enriquecida con nutrientes y vitaminas, ayuda a mantener un cuero cabelludo saludable. '),(212,'750310074315','Elvive Dream Lengths Super Detangler Leave-In Conditioner',140,'https://i5.walmartimages.com/asr/77a0d12d-2724-40eb-b989-d0e09b6ed0a2.62a2b3eb53a4f4633c2cff6a50e31f44.jpeg?odnHeight=264&odnWidth=264&odnBg=FFFFFF',23,7,300,'Acondicionador sin enjuague que desenreda el cabello largo, dejándolo suave y manejable.'),(213,'750993959654','Elvive Total Repair 5 Protein Recharge Leave-In Conditioner',130,'https://target.scene7.com/is/image/Target/GUEST_e516c78a-3d35-4a6c-93c4-86d925fd030b?wid=488&hei=488&fmt=pjpeg',23,7,300,'Acondicionador sin enjuague que fortalece y repara el cabello dañado, protegiéndolo de futuras agresiones.'),(214,'750513711028','Elvive Dream Lengths No Haircut Cream Leave-In Conditioner',130,'https://i5.walmartimages.com/seo/L-Oreal-Paris-Elvive-Color-Dream-Length-Curls-Moisturizing-Leave-in-Cream-Curly-Hair-10-2-fl-oz_73e2d4ac-6584-4477-bf54-4660c6f6292a.8cc2f7e9f42d5f35872e6aa32b0b37b8.jpeg?odnHeight=768&odnWidth=768&odnBg=FFFFFF',23,7,300,'Crema sin enjuague que ayuda a evitar el quiebre del cabello largo, promoviendo su crecimiento saludable.'),(215,'750466150206','Pantene Pro-V Sheer Volume Hairspray',100,'https://m.media-amazon.com/images/I/71Af-ZKeaXL.jpg',23,8,300,'Laca ligera que da volumen y fijación sin apelmazar el cabello.'),(216,'750422176937','Pantene Pro-V Fullness & Life Conditioner',100,'https://m.media-amazon.com/images/I/61mPoSMTReL.jpg',23,8,300,'Acondicionador que aporta volumen y cuerpo al cabello fino, dejándolo suave y lleno.'),(217,'750270392599','Olaplex No. 4 Bond Maintenance Shampoo',500,'https://www.sephora.com.mx/dw/image/v2/BFJC_PRD/on/demandware.static/-/Sites-masterCatalog_Sephora/es_MX/dwe870947a/images/hi-res/boletos/Vannya/OLAPLEX/850018802581_01.jpg?sw=400&sh=400&sm=fit',23,9,300,'Shampoo reparador que fortalece y restaura el cabello dañado.'),(218,'750172480106','Olaplex No. 7 Bonding Oil',550,'https://www.odara.mx/cdn/shop/products/726OLX023_1200x.jpg?v=1623388001',23,9,300,'Aceite reparador que da brillo, fortalece y protege el cabello del daño térmico.'),(219,'750454297088','L\'Oréal Paris Elvive Dream Lengths Super Detangler Dry Shampoo',120,'https://m.media-amazon.com/images/I/51bY2C1ZLbS.jpg',24,7,300,'Shampoo seco que refresca y desenreda el cabello largo, dejándolo limpio, suave y manejable.'),(220,'750183094219','L\'Oréal Paris Elvive Extraordinary Clay Dry Shampoo',140,'https://m.media-amazon.com/images/I/51ilNxMT2ML.jpg',24,7,300,'Shampoo seco con arcilla que absorbe el exceso de grasa, dejando el cabello fresco y limpio sin residuos.'),(221,'750065082289','L\'Oréal Paris Studio Line Clean & Fresh Dry Shampoo',120,'https://mx.lorealpartnershop.com/on/demandware.static/-/Sites-master-PPD-MX/default/dw2a35e914/products/884486431233_EN_1.jpg',24,7,300,'Shampoo seco que refresca el cabello, absorbe la grasa y proporciona una sensación de limpieza sin apelmazar.'),(222,'750254406678','L\'Oréal Paris Tecni Art Morning After Dust Dry Shampoo',140,'https://m.media-amazon.com/images/I/41GH2pcXtrL.jpg',24,7,300,'Shampoo seco que elimina la grasa y da volumen al cabello, dejándolo con una textura fresca y ligera.'),(223,'750502515153','Pantene Pro-V Dry Shampoo',100,'https://m.media-amazon.com/images/I/61eakpy2t4L.jpg',24,8,300,'Shampoo seco que refresca el cabello, absorbe el exceso de grasa y deja una sensación de frescura sin necesidad de agua.'),(224,'750670749477','Pantene Pro-V Sheer Volume Dry Shampoo',100,'https://i.ebayimg.com/images/g/qZ0AAOSwpjRmwWXy/s-l1600.jpg',24,8,300,'Shampoo seco que añade volumen al cabello fino, absorbiendo la grasa y proporcionando cuerpo sin apelmazar.'),(225,'750660313098','Olaplex No. 4D Clean Volume Detox Dry Shampoo',500,'https://www.sephora.com.mx/dw/image/v2/BFJC_PRD/on/demandware.static/-/Sites-masterCatalog_Sephora/es_MX/dw4c360b0e/images/hi-res/boletos/Regina%20G/Olaplex/850018802550.jpg?sw=1200&sh=1200&sm=fit',24,9,300,'Shampoo seco que detoxifica el cabello, absorbe la grasa y proporciona volumen, dejando el cabello limpio y fresco sin residuos.'),(226,'750405135214','Perfume Chanel No. 5',3500,'https://encrypted-tbn0.gstatic.com/shopping?q=tbn:ANd9GcSaFYdFe1XO9k3Nhm1OZkbzDHqA1lFTlaoBgsYHLHUQaVA8LPcv1pN0KZJ0OaLvcyKbSs0nVjGOzJPyzHAOTPjai14yo-XTNlc5hFh_Mi8oOLSI9_N9XNcE4xSMCFzcKy6md-jq4Q&usqp=CAc',25,10,300,'Un clásico atemporal, conocido por su sofisticada mezcla de aldehídos florales y notas de rosa, jazmín, y sándalo. Es un perfume elegante y audaz que ha sido un símbolo de la alta perfumería desde 1921.'),(227,'750143610761','Agua de perfume Coco Noir',3500,'https://encrypted-tbn2.gstatic.com/shopping?q=tbn:ANd9GcSaW9UJwwqqTe7lxGdD_k9xldQblW97Je5mRDPfz_wqZhzcFx8HfTCMUV2agUNW2NDEkjSWJeYE_bszCRfzR7xomxFADA1L0Wxk7jRbcyeLTX7nYpU3RyEjrx5h10aHcvfbM_GK-LyL-g&usqp=CAc',25,10,300,'Una fragancia misteriosa y seductora de Chanel, con notas de bergamota, rosa, pachulí y ámbar, evocando el lujo y el glamour nocturno.'),(228,'750557601636','Oportunidad Eau Vive',3000,'https://encrypted-tbn0.gstatic.com/images?q=tbn:ANd9GcRkndu6QjputMjcNj6BbEEvex1JWtvvb88F0A&s',25,10,300,'Una fragancia fresca y vibrante con notas cítricas y florales, ofreciendo una sensación energizante y ligera, perfecta para el día.'),(229,'750966028221','Agua de perfume Allure',2500,'https://www.chanel.com/images//t_one//w_0.51,h_0.51,c_crop/q_auto:good,f_autoplus,fl_lossy,dpr_1.1/w_1240/allure-sensuelle-eau-de-parfum-spray-3-4fl-oz--packshot-default-129730-9558904635422.jpg',25,10,300,'Una mezcla rica y compleja de frutas, flores y especias, que ofrece una sensación de feminidad sofisticada y moderna.'),(230,'750664628869','Dior Puro Veneno',2500,'https://http2.mlstatic.com/D_NQ_NP_2X_800650-MLU74859789624_032024-F.webp',25,11,300,'Una fragancia floral, oriental y fresca, con notas de jazmín, azahar y sándalo, que simboliza la seducción pura y el misterio.'),(231,'750363578319','Dior Addict Eau de Parfum',2200,'https://encrypted-tbn3.gstatic.com/shopping?q=tbn:ANd9GcRUqwaXnocFbGye-JhcdS7UUe8au8PGw-MldMqtrELBAxruWM5dnuBzhWGWKxayoqB9UMwxyhHEaW-dz_lXMscwe8GOoxMNzk0PZqz6UpTYIESdnNUOkWEF9of0FE51aEFvSWyUQg&usqp=CAc',25,11,300,'Una fragancia profunda y opulenta, con notas de vainilla, jazmín, y madera de sándalo, que evoca sensualidad y lujo.'),(232,'750806986732','Dior Dune Eau de Parfum',2200,'https://i5.walmartimages.com/asr/c9f61d52-b92c-485c-86eb-403f459343db.e7bdb637a373252f1da48dbc1497ad0f.jpeg',25,11,300,'Una fragancia cálida y envolvente, con notas de ámbar, jazmín, y vainilla, que recuerda la serenidad y la belleza del desierto.'),(233,'750446622223','Mi París Intenso',2200,'https://encrypted-tbn0.gstatic.com/images?q=tbn:ANd9GcSVksRXkJOhvNg3zUwBUInHgtdV8mlcMf1e0g&s',25,12,300,'Un perfume floriental con notas de rosa, pachulí y almizcle, que transmite pasión, amor y elegancia con una intensidad profunda.'),(234,'750885991626','YSL Black Opium Nuit Blanche',2500,'https://m.media-amazon.com/images/I/71VNqB871oL.jpg',25,12,300,'Una fragancia audaz y envolvente, con notas de café, flor de azahar, y vainilla, que combina energía nocturna con sensualidad.'),(235,'750336133008','YSL París Mon Amour',1500,'https://www.yslbeauty.com.mx/dw/image/v2/AATL_PRD/on/demandware.static/-/Sites-ysl-master-catalog/default/dw5691e74a/square/Fragrance/For%20Her/Mon%20Paris/3614272048447_150_mon-paris-eau-de-parfum_Alt1.jpg?sw=1536&sh=1536&sm=cut&sfrm=png&q=85',25,12,297,'Un perfume romántico y fresco, con notas de flor de azahar, rosa y almizcle, que expresa un amor fresco, alegre y sofisticado.'),(236,'750949351209','Agua de colonia Allure Homme',2300,'https://mxchanel.vtexassets.com/arquivos/ids/155470-1200-1200?v=638005394562300000&width=1200&height=1200&aspect=true',26,10,300,'Una fragancia masculina clásica de Chanel, con una mezcla fresca y especiada de mandarina, pimienta, y notas amaderadas que proyectan sofisticación y elegancia.'),(237,'750949848552','Egoïste Platinum Eau de Toilette',2400,'https://www.chanel.com/images//t_one/w_0.51,h_0.51,c_crop/q_auto:good,f_auto,fl_lossy,dpr_1.1/w_620/platinum-egoiste-eau-de-toilette-spray-3-4fl-oz--packshot-default-124460-9539146547230.jpg',26,10,300,'Una fragancia fresca y aromática de Chanel, que combina notas cítricas de lavanda, romero y geranio con un toque amaderado, creando una sensación de masculinidad sofisticada.'),(238,'750872972865','Agua de perfume Allure Homme',2500,'https://mxchanel.vtexassets.com/arquivos/ids/155454/3145891235807.jpg?v=638005394497970000',26,10,300,'Una fragancia energética y deportiva, con notas de mandarina, cedro y ámbar, perfecta para un hombre activo y moderno.'),(239,'750751455482','Chanel Platinum Egoïste Eau de Parfum',2500,'https://encrypted-tbn1.gstatic.com/shopping?q=tbn:ANd9GcSGPHTafMAMkDqyBq_u23BChazhl_jCnyW9LPyHBSI3uXL-WIZkpHs2ehpqPmaF9EdfGT_k0Cp_U6wJITpkNc9oDSnBhtH_inbRODwCVom5u19hzLPoSji5lVsTLhYr1aJCk3oziQ&usqp=CAc',26,10,300,'Un perfume elegante y amaderado, con notas de jengibre, sándalo y madera de cedro, que combina frescura y profundidad, ideal para un hombre audaz.'),(240,'750944404749','Los exclusivos de Chanel – Bel Respiro',5500,'https://www.chanel.com/images//t_one//w_0.51,h_0.51,c_crop/q_auto:good,f_autoplus,fl_lossy,dpr_1.1/w_1240/bel-respiro-les-exclusifs-de-chanel-eau-de-parfum-6-8fl-oz--packshot-default-122280-9532244525086.jpg',26,10,300,'Una fragancia fresca y verde, con notas de jazmín, flor de naranjo y hierbas, evocando la serenidad y belleza de un jardín en la campiña francesa.'),(241,'750841211914','Dior Homme Eau de Parfum',3000,'https://http2.mlstatic.com/D_NQ_NP_2X_871682-MLA48265216148_112021-F.webp',26,11,300,'Un perfume sofisticado y contemporáneo con notas de iris, cuero y ámbar, que transmite elegancia y masculinidad refinada.'),(242,'75080444265','Elixir salvaje de Dior',3500,'https://encrypted-tbn0.gstatic.com/images?q=tbn:ANd9GcQw-UN8rXGcdCdsTK8dMdm3HPs6LQtKY-m7laVw6iGKINrO3sqtJX0mCahvbk6wgcxPYIw&usqp=CAU',26,11,300,'Una fragancia audaz y cálida, con notas de especias, vainilla y madera, que transmite sensualidad y sofisticación.'),(243,'750335988804','Fahrenheit de Dior',2500,'https://ss701.liverpool.com.mx/xl/6102875.jpg',26,11,300,'Una fragancia icónica y cálida, con notas de cuero, madera y especias, que transmite una energía ardiente y masculina.'),(244,'750728144614','Dior Homme Perfume',3000,'https://abscents.com.mx/cdn/shop/files/diorhomme2020-fotor-20240329101444.jpg?v=1711728891',26,11,300,'Una versión más intensa y refinada del Dior Homme, con notas de iris, cuero y madera, que refleja una masculinidad moderna y elegante.'),(245,'750424844885','Y agua de perfume',1700,'https://ss701.liverpool.com.mx/xl/1119494539.jpg',26,12,300,'Una fragancia fresca y aromática con notas de limón, jengibre y especias, que transmite dinamismo y energía.'),(246,'750877216506','El hombre de Yves Saint Laurent',2200,'https://www.perfumecenter.com.mx/cdn/shop/products/3365440316560_0360a67b-82a2-4e8b-af0c-34450f10b2ed.jpg?v=1602240216',26,12,300,'Un perfume elegante y moderno, con notas de jengibre, vetiver y madera, que encarna la masculinidad con un toque de sofisticación y frescura.'),(247,'750618958019','La noche del hombre El perfume',2500,'https://ss701.liverpool.com.mx/xl/76094641.jpg',26,12,300,'Una fragancia sensual y misteriosa, con notas de cardamomo, cedro y lavanda, ideal para la noche y para un hombre que busca seducir con elegancia.'),(248,'750067084215','YSL L\'Homme Libre Eau de Toilette',2500,'https://m.media-amazon.com/images/I/71CIZRR01yL.jpg',26,12,300,'Una fragancia fresca y vibrante, con notas de albahaca, cedro y bergamota, que transmite libertad y una energía espontánea.'),(249,'750647451904','Les Exclusifs de Chanel – 1957',5500,'https://www.chanel.com/images//t_one//w_0.51,h_0.51,c_crop//q_auto:good,f_auto,fl_lossy,dpr_1.1/w_1920/gardenia-les-exclusifs-de-chanel-eau-de-parfum-6-8fl-oz--packshot-default-122210-9536679706654.jpg',27,10,300,'Una fragancia elegante y sofisticada, con notas suaves de almizcle, iris y cedro, evocando el lujo y la feminidad discreta.'),(250,'750861404724','Les Exclusifs de Chanel – Coromandel',3000,'https://fraguru.com/mdimg/perfume/375x500.7145.jpg',27,10,300,'Un perfume oriental y amaderado con notas de resinas, sándalo y pachulí, que evoca el misterio y la riqueza de la tradición china.'),(251,'750722921352','Chanel Allure Homme Edition Blanche',3500,'https://abscents.com.mx/cdn/shop/files/8848377118750-PhotoRoom-fotor-2024032316618.jpg?v=1711231590&width=900',27,10,300,'Una versión fresca y cítrica del Allure Homme, con notas de limón, vainilla y madera de sándalo, que proyecta una masculinidad sofisticada y cálida.'),(252,'750911344904','Chanel No. 19 Poudré',2500,'https://www.chanel.com/images//t_one//w_0.51,h_0.51,c_crop//q_auto:good,f_auto,fl_lossy,dpr_1.1/w_1920/n-19-eau-de-parfum-spray-3-4fl-oz--packshot-default-119530-9519205285918.jpg',27,10,300,'Una fragancia suave y empolvada que combina iris, rosa, y vetiver, creando una sensación de elegancia atemporal y femenina.'),(253,'750882803459','Chanel Les Exclusifs de Chanel – Boy',3000,'https://www.chanel.com/images//t_one/t_fragrance//q_auto:good,f_auto,fl_lossy,dpr_1.1/w_1920/boy-chanel-les-exclusifs-de-chanel-eau-de-parfum-6-8fl-oz--packshot-default-122350-9536679280670.jpg',27,10,300,'Una fragancia fresca y moderna, con notas de lavanda, sándalo y cedro, que transmite una masculinidad fresca y de estilo contemporáneo.'),(254,'750463861381','Dior Homme Parfum',1700,'https://encrypted-tbn0.gstatic.com/images?q=tbn:ANd9GcTAKZtTm_Sv9H7-m6kfTVrnCBk9n59h5UGZnA&s',27,11,300,'Una versión intensa del Dior Homme, con una mezcla rica de iris, cuero y madera, ofreciendo una fragancia profunda y sofisticada, ideal para la noche.'),(255,'750232252449','Dior Gris Dior Eau de Parfum',2200,'https://www.dior.com/on/demandware.static/-/Sites-master_dior/default/dwc8bbbbc2/Y0840550/Y0840550_F084055009_E01_GHC.jpg',27,11,300,'Una fragancia floral, amaderada y elegante, con notas de rosa, almizcle y madera de cedro, evocando un estilo refinado y sofisticado.'),(256,'750623701156','Dior Sauvage Parfum',11000,'https://encrypted-tbn2.gstatic.com/shopping?q=tbn:ANd9GcSSPJGXVUNUuLg0BJ-wMjW3uRGjzuvxt6R1XDUu6Z8wz5hnDFdQPBH067kzTuyN3As_bmxPbc8Js5FOOu5xKhBAniIIbmX1AcqbIiHx4JIpROMf8wRqsF3oDhLnqdJNL9Y_uOta5lof&usqp=CAc',27,11,300,'Una fragancia cálida y especiada, con notas de bergamota, lavanda y vainilla, que ofrece una intensidad y masculinidad inconfundible.'),(257,'750341318339','Dior La Colle Noire by Dior',11000,'https://fraguru.com/mdimg/perfume/375x500.38153.jpg',27,11,300,'Una fragancia fresca y floral con notas de rosa, ámbar y almizcle, inspirada en los jardines de la finca de Christian Dior, evocando la pureza y la frescura.'),(258,'750149140743','Dior Oud Ispahan',4000,'https://m.media-amazon.com/images/I/51k4Od30oQL._SL1500_.jpg',27,11,300,'Una fragancia oriental y amaderada con notas de oud, rosa y madera de sándalo, que ofrece un toque exótico y lujoso, evocando el Oriente medio.'),(259,'750014960507','YSL M7 Oud Absolu',6500,'https://m.media-amazon.com/images/I/71ESKJyLweL.jpg',27,12,300,'Un perfume intenso y oriental con notas de oud, mirra y vainilla, que transmite lujo, misterio y una masculinidad profunda.'),(260,'750029006842','YSL Black Opium ',11000,'https://www.sephora.com.mx/on/demandware.static/-/Sites-masterCatalog_Sephora/es_MX/dwbca93863/images/hi-res/mujer-yves-saint-laurent-yves-saint-laurent-black-opium-eau-de-parfum-90ml3365440787971B.jpg',27,12,300,'Una fragancia audaz y adictiva, con notas de café, vainilla y flor de azahar, que mezcla dulzura y misterio en un perfume envolvente y seductor.'),(261,'750014308943','YSL L\'Homme Parfum Intense',5500,'https://www.yslbeauty.com/dw/image/v2/BDCR_PRD/on/demandware.static/-/Sites-ysl-master-catalog/default/dw33fba0cc/square/Fragrance/HommeIntense/3605970876456_lhomme-parfum-intense_200ml.jpg',27,12,300,'Una versión más intensa y rica de L\'Homme, con notas de ámbar, especias y cuero, que aporta profundidad y sensualidad a la fragancia.'),(262,'750130733442','YSL Tuxedo by YSL',7000,'https://fraguru.com/mdimg/perfume/375x500.32269.jpg',27,12,300,'Una fragancia elegante y sofisticada, con notas de pimienta, madera de sándalo y pachulí, evocando el estilo y la clase de un esmoquin clásico.'),(263,'750487778717','Coco Mademoiselle Set',5500,'https://mxchanel.vtexassets.com/arquivos/ids/158541-1200-1200?v=638324212059670000&width=1200&height=1200&aspect=true',28,10,300,'Un conjunto que incluye la icónica fragancia Coco Mademoiselle, conocida por su elegancia y frescura, con notas de naranja, jazmín y pachulí.'),(264,'750633348974','Chanel No. 5 Set',10000,'https://mxchanel.vtexassets.com/arquivos/ids/158540/3145891006216.jpg?v=638324206595800000',28,10,300,'Un set que ofrece la clásica y atemporal fragancia Chanel No. 5, una mezcla de aldehídos, jazmín y sándalo. '),(265,'750504033275','Dior Homme Set',10000,'https://ss701.liverpool.com.mx/xl/1161323582.jpg',28,11,300,'Este set presenta la sofisticada fragancia Dior Homme, con notas de iris, cuero y ámbar. '),(266,'750904842647','Dior Sauvage Set',5000,'https://m.media-amazon.com/images/I/61zbpqdM8RL._AC_UF1000,1000_QL80_.jpg',28,11,300,'Un conjunto de la popular fragancia Dior Sauvage, con sus frescas notas de bergamota, lavanda y vainilla.'),(267,'750760307689','YSL M7 Oud Absolu Set',2500,'https://acdn.mitiendanube.com/stores/003/182/796/products/libre-discovery-trio-set-cc51932e8cba7ca7b917027703910441-480-0.jpg',28,12,300,'Un set de la fragancia Libre de Yves Saint Laurent, conocida por su mezcla de lavanda, vainilla y flores blancas. '),(268,'750465485507','YSL Black Opium Set',3500,'https://www.yslbeauty.com.mx/dw/image/v2/AATL_PRD/on/demandware.static/-/Sites-ysl-master-catalog/es_MX/dw6f350a05/images/pdp/fragancias/YSLM-51128YSL/3614274164237/WW-51128YSL_BO_HOLIDAY_PARTY_KIT_alt_1.jpg.jpg?sw=1536&sh=1536&sm=cut&sfrm=jpg&q=85',28,12,300,'Un set de la seductora fragancia Black Opium de Yves Saint Laurent, con notas de café, vainilla y flor de azahar. '),(269,'750989353466','Eau de Parfum Chanel nº 5',10000,'https://encrypted-tbn1.gstatic.com/shopping?q=tbn:ANd9GcRMonXfBMpOhAXAs79KR3_0w7goGn5STgZ23ypksdu_KlhQO-UFkd_GPS8gy_ymhYecU_BThMHJJhJlFFg1ih7wB5gpNFFaGZW1kL_tJMjvJIVIohm5fUEn9Vt7ZnMZRYBKPaNPZ0o&usqp=CAc',29,10,300,'Un perfume icónico, clásico y atemporal. Su mezcla de aldehídos, jazmín, rosa, y sándalo, crea una fragancia sofisticada y elegante, que se ha convertido en un símbolo de lujo y feminidad desde su lanzamiento en 1921.'),(270,'750121690497','Coco Mademoiselle Eau de Parfum',5500,'https://abscents.com.mx/cdn/shop/files/39095379_x1_43a340fc-b890-4271-ba4e-84bb97f3f663-fotor-20240323162623.jpg?v=1711232810&width=1080',29,10,300,'Una fragancia fresca, floral y oriental, con notas de naranja, jazmín, rosa, y pachulí. Es moderna, vibrante y sensual, ideal para mujeres elegantes que buscan una fragancia con carácter.'),(271,'750257277493','Dior J\'adore Eau de Parfum',5500,'https://http2.mlstatic.com/D_NQ_NP_2X_647057-MLA74782393121_022024-F.webp',29,11,300,'Un perfume floral y femenino, con una mezcla de rosa, jazmín, y madera de sándalo. Es elegante y lujoso, transmitiendo una sensación de sofisticación y frescura al mismo tiempo.'),(272,'75036839263','Ramo floreciente de Miss Dior',6500,'https://encrypted-tbn1.gstatic.com/shopping?q=tbn:ANd9GcQfy6QN1e7PCML-PGTTuuzkd4hf8mBhKejGO0Yb6NycGwKv_2pEjnG7ezNJRiv6DNND03MlXxHGzP0uajHb7Qec4fPqCKd-uSrO17CPEdYQWPFc3F-4YGhTt7c',29,11,300,'Una fragancia floral, fresca y elegante, con notas de rosa, peonía y almizcle. Este perfume celebra la feminidad y la delicadeza, con una mezcla vibrante de flores que reflejan un aire romántico y alegre.'),(273,'750997944608','Agua de perfume Mon Paris',5500,'https://tienda.aeromexico.com/media/catalog/product/1/1/111849.jpg',29,12,300,'Una fragancia floral-frutal, dulce y seductora, con notas de fresa, flor de azahar, y pachulí. Evoca la pasión y el amor en la ciudad de París, siendo ideal para mujeres románticas y audaces.'),(274,'750372967121','Agua de perfume Opium',7000,'https://cdn1.coppel.com/images/catalog/mkp/1030/3000/10302480-1.jpg?iresize=width:846,height:676',29,12,300,'Un perfume oriental y especiado, con notas de flor de azahar, pimienta, vainilla y sándalo. Es cálido, misterioso y sensual, perfecto para quienes buscan una fragancia intensa y envolvente.'),(275,'750942170286','Agua de perfume Bleu de Chanel',4500,'https://mxchanel.vtexassets.com/arquivos/ids/159722-1200-1200?v=638630752003670000&width=1200&height=1200&aspect=true',30,10,300,'Una fragancia amaderada y aromática, con notas de jengibre, sándalo, y madera de cedro. Es fresca, elegante y sofisticada, ideal para hombres modernos y audaces que buscan una fragancia versátil.'),(276,'750763061877','Eau de Toilette Egoïste',11000,'https://i.etsystatic.com/15242919/r/il/8983e1/3773813326/il_1588xN.3773813326_9z1p.jpg',30,10,300,'Una fragancia cálida y especiada de Chanel, con notas de rosa, pimienta, y madera de sándalo. Es intensa y elegante, evocando una masculinidad refinada y segura de sí misma.'),(277,'750494019054','Dior Sauvage Eau de Toilette',11000,'https://epocacosmeticos.vteximg.com.br/arquivos/ids/672704-800-800/refil-sauvage-dior-perfume-masculino-parfum-20-4-.jpg.jpg?v=638633252488230000',30,11,300,'Una fragancia fresca, especiada y amaderada, con notas de bergamota, lavanda y pimienta. Es energizante y poderosa, perfecta para hombres que buscan una fragancia vibrante y audaz.'),(278,'750449734463','Homme Intense de Dior',4000,'https://ufra.com.mx/media/catalog/product/cache/c7b16b3f266fbba2cc4e554996ed3078/f/0/f047924709_2.jpg',30,11,300,'Una fragancia amaderada y floral, con notas de iris, cuero y ámbar. Es una versión más intensa y profunda de la fragancia Dior Homme, ideal para hombres que prefieren una fragancia rica y sofisticada.'),(279,'750482103971','La Nuit de L\'Homme Eau de Toilette',2200,'https://encrypted-tbn0.gstatic.com/images?q=tbn:ANd9GcSD5Ko9HsV4dIq00G5FRxTScSPl1scha3WCDA&s',30,12,300,'Una fragancia especiada y amaderada, con notas de cardamomo, lavanda y cedro. Es misteriosa y seductora, perfecta para la noche y para hombres que buscan una fragancia cálida y cautivadora'),(280,'750707690775','Opium de YSL para hombres',1950,'https://www.yslbeauty.com.mx/dw/image/v2/AATL_PRD/on/demandware.static/-/Sites-ysl-master-catalog/default/dwb4854786/Fragrance/Opium_Pour_Homme_Eau_De_Toilette/3365440025578_opium_pour-homme_eau_de_toilette_vaporisateur_100_ml_alt1.jpg?sw=1536&sh=1536&sm=',30,12,300,'Una fragancia oriental especiada, con notas de mandarina, pimienta, y vainilla. Es intensa y exótica, ideal para hombres con una personalidad audaz y seductora.'),(281,'750811365403','Agua de perfume Opio negro',3000,'https://images-na.ssl-images-amazon.com/images/I/61yRm5ROrAL._AC_UL600_SR600,600_.jpg',30,12,300,'Una fragancia oriental y especiada, con notas de café, flor de azahar y vainilla. Es una versión más intensa de Opium, destacando por su sensualidad y energía misteriosa.'),(282,'750733402536','Allure Homme Sport Eau de Toilette',2800,'https://encrypted-tbn0.gstatic.com/images?q=tbn:ANd9GcS1rbwkPpTmxDho84lAcx2gK2VKDzoju8jRrg&s',31,10,300,'Una fragancia fresca, energizante y deportiva, con notas de mandarina, cedro y ámbar. Es ideal para un hombre activo que busca una fragancia dinámica y vibrante.'),(283,'750479250287','Azul de Chanel Eau de Toilette',2800,'https://mxchanel.vtexassets.com/arquivos/ids/155414-1200-1200?v=638005394332700000&width=1200&height=1200&aspect=true',31,10,300,'Una fragancia amaderada y aromática, con notas de jengibre, madera de cedro y sándalo. Es fresca, elegante y sofisticada, ideal para un hombre audaz y moderno.'),(284,'750782679910','Los exclusivos de Chanel - Beige',10000,'https://www.chanel.com/images//t_one/w_0.51,h_0.51,c_crop/q_auto:good,f_auto,fl_lossy,dpr_1.1/w_620/beige-les-exclusifs-de-chanel-eau-de-parfum-6-8fl-oz--packshot-default-122310-9536679215134.jpg',31,10,300,'Una fragancia floral y cálida, con notas de frangipani, miel y almizcle. Evoca la suavidad y elegancia discreta, ofreciendo una sensación de frescura y ligereza.'),(285,'750046666276','Chanel No. 5 L\'Eau',2800,'https://mxchanel.vtexassets.com/arquivos/ids/159205/3145891055870_1.jpg?v=638530420176300000',31,10,300,'Una versión más fresca y ligera del icónico Chanel No. 5, con notas cítricas y florales como la rosa y el jazmín, que le dan un aire moderno y joven mientras mantiene su elegancia clásica.'),(286,'750531963168','Dior Homme Deporte',3500,'https://i5.walmartimages.com/asr/edee2e7a-b0a5-4d50-acea-1e58026750de.0c20756a67555033f2d16f23d52f0f6c.jpeg',31,11,300,'Una fragancia fresca y dinámica, con notas de limón, jengibre y vetiver. Es ideal para hombres activos que buscan una fragancia energizante y vibrante, perfecta para el día a día.'),(287,'750486833525','Dior Sauvage Eau de Parfum',3000,'https://cdn2.jomashop.com/media/catalog/product/c/h/christian-dior-mens-sauvage-elixir-20-oz-spray-fragrances-3348901567572.jpg',31,11,300,'Una fragancia intensa y especiada, con notas de bergamota, pimienta y ambroxan. Es audaz, vibrante y masculina, ideal para un hombre que busca una fragancia potente y duradera.'),(288,'750088834028','Dior Agua Salvaje',2500,'https://http2.mlstatic.com/D_NQ_NP_2X_760602-MLA74652694564_022024-F.webp',31,11,300,'Una variante de Dior Sauvage, con un toque más suave y menos especiado. Sus notas de bergamota, lavanda y ambroxan siguen siendo frescas y vibrantes, pero con una sensación más sutil.'),(289,'750749009849','YSL L\'Homme más moderno',2500,'https://www.yslbeauty.com.mx/dw/image/v2/AATL_PRD/on/demandware.static/-/Sites-ysl-master-catalog/default/dw4de694b6/Fragrance/L-Homme-Eau-De-Parfum/ysl_dmi_fram_l_hom_edp_packshot_front_100ml_3000x3000px_3614273668743_rgb.jpg?sw=320&sh=320&sm=cut&sfrm=pn',31,12,300,'Una fragancia amaderada y especiada con notas de jengibre, cardamomo y cedro. Es fresca y elegante, diseñada para un hombre que busca una fragancia moderna y sofisticada.'),(290,'750406028637','YSL M7 Oud Absolute',5000,'https://m.media-amazon.com/images/I/71ESKJyLweL.jpg',31,12,300,'Una fragancia intensa y oriental, con notas de oud, mirra y vainilla. Es lujosa, profunda y misteriosa, ideal para un hombre que busca una fragancia opulenta y única.'),(291,'750682286375','Esmoquin YSL',4000,'https://www.yslbeauty.com.mx/dw/image/v2/AATL_PRD/on/demandware.static/-/Sites-ysl-master-catalog/es_MX/dw900be005/images/pdp/fragancias/YSLM-51018YSL/ysl_dmi_frau_lvpce_edp-lavalliere_packshot-front_125ml_3000x3000px_3614273753869_rgb.jpg?sw=1536&sh=1536',31,12,300,'Una fragancia sofisticada y floral, con notas de jazmín, iris y madera de sándalo. Evoca la elegancia y el lujo, ideal para ocasiones especiales y para quienes aprecian las fragancias refinadas.'),(292,'750161118025','Allure Homme Sport Eau de Parfum',4000,'https://ss701.liverpool.com.mx/xl/1162265161.jpg',32,10,300,'Una fragancia más intensa y sofisticada que su versión Eau de Toilette, con notas frescas de mandarina, cedro, y ámbar, evocando una energía vibrante y deportiva, ideal para un hombre activo y elegante.'),(293,'750192323699','Agua de perfume Chance',3500,'https://mxchanel.vtexassets.com/arquivos/ids/158145/3145891361506_CHANCE_EAU_FRAICHE_EDP.jpg?v=638266911081230000',32,10,300,'Una fragancia floral y fresca de Chanel, con notas de jazmín, iris y pomelo, que transmite una sensación de alegría y ligereza, perfecta para una mujer optimista y dinámica.'),(294,'750469238034','Gabrielle Chanel Eau de Parfum',4000,'https://www.elpalaciodehierro.com/dw/image/v2/BDKB_PRD/on/demandware.static/-/Sites-palacio-master-catalog/default/dw19753530/images/38421535/large/38421535_x1.jpg?sw=768&sh=879',32,10,300,'Una fragancia floral y luminosa, con notas de jazmín, naranja, y sándalo, inspirada en la esencia de Coco Chanel. Es elegante, femenina y sofisticada, ideal para una mujer moderna y audaz.'),(295,'750846590898','Veneno hipnótico de Dior',3000,'https://ss701.liverpool.com.mx/xl/19828778.jpg',32,11,300,'Una fragancia oriental y sensual, con notas de almendra, vainilla y jazmín. Es profunda, cálida y misteriosa, evocando una atracción irresistible y cautivadora.'),(296,'750200357792','Agua de perfume de Miss Dior',3500,'https://perfumate.mx/cdn/shop/files/missdiorabsoloutelyblooming.png?v=1709673522',32,11,300,'Una fragancia floral, romántica y vibrante, con notas de rosa, mandarina y pachulí. Es elegante y femenina, transmitiendo frescura y sofisticación al mismo tiempo.'),(297,'75050315136','Veneno dulce de Dior',3000,'https://www.dior.com/dw/image/v2/BGXS_PRD/on/demandware.static/-/Sites-master_dior/default/dwe019cec4/Y0763220/Y0763220_F076324009_E01_GHC.jpg?sw=800',32,11,300,'Una fragancia dulce y seductora, con notas de naranja amarga, rosa y vainilla. Es un perfume audaz y moderno, diseñado para una mujer joven, provocativa y segura de sí misma.'),(298,'750660805378','Mi París Alta Costura',3000,'https://ultrafemme.com/media/catalog/product/p/e/perfume-mon-paris-eau-de-parfum-90-ml-mujer_lqitje5jscwwikwg.jpg?optimize=medium&fit=bounds&height=1000&width=1250&canvas=1250:1000',32,12,300,'Una fragancia floral-frutal y dulce, con notas de fresa, flor de azahar y pachulí. Evoca la pasión y el romance de la ciudad de París, siendo ideal para una mujer romántica y audaz.'),(299,'750916678968','YSL Belle d\'Opium',3500,'https://m.media-amazon.com/images/I/516F0N65wAL.jpg',32,12,300,'Una fragancia oriental, cálida y misteriosa, con notas de flor de azahar, incienso y vainilla. Es sofisticada, sensual y opulenta, evocando una sensación de lujo y deseo.'),(300,'750521207744','YSL París',2500,'https://ultrafemme.com/media/catalog/product/l/0/l0075007_1-2_vg5qchliqgmk6bza.jpg?optimize=medium&fit=bounds&height=1000&width=1250&canvas=1250:1000',32,12,0,'Una fragancia floral y elegante, con notas de violeta, rosa y almizcle. Es romántica y delicada, inspirada en el encanto de París, ideal para mujeres sofisticadas y elegantes.'),(301,'750069876501','Zacate',20,'https://http2.mlstatic.com/D_NQ_NP_708732-MLM73854302597_012024-O.webp',9,2,1,'Hola');
/*!40000 ALTER TABLE `cproductos` ENABLE KEYS */;
UNLOCK TABLES;

--
-- Table structure for table `crol`
--

DROP TABLE IF EXISTS `crol`;
/*!40101 SET @saved_cs_client     = @@character_set_client */;
/*!50503 SET character_set_client = utf8mb4 */;
CREATE TABLE `crol` (
  `id_rol` int NOT NULL AUTO_INCREMENT,
  `nom_rol` varchar(30) DEFAULT NULL,
  PRIMARY KEY (`id_rol`)
) ENGINE=InnoDB AUTO_INCREMENT=4 DEFAULT CHARSET=utf8mb4 COLLATE=utf8mb4_0900_ai_ci;
/*!40101 SET character_set_client = @saved_cs_client */;

--
-- Dumping data for table `crol`
--

LOCK TABLES `crol` WRITE;
/*!40000 ALTER TABLE `crol` DISABLE KEYS */;
INSERT INTO `crol` VALUES (1,'Cliente'),(2,'Almacenista'),(3,'Administrador');
/*!40000 ALTER TABLE `crol` ENABLE KEYS */;
UNLOCK TABLES;

--
-- Table structure for table `csubtipop`
--

DROP TABLE IF EXISTS `csubtipop`;
/*!40101 SET @saved_cs_client     = @@character_set_client */;
/*!50503 SET character_set_client = utf8mb4 */;
CREATE TABLE `csubtipop` (
  `id_subtipop` int NOT NULL AUTO_INCREMENT,
  `nom_subtipop` varchar(45) DEFAULT NULL,
  `id_tipoprod` int DEFAULT NULL,
  PRIMARY KEY (`id_subtipop`),
  KEY `nom_subtipop` (`nom_subtipop`),
  KEY `id_tipoprod` (`id_tipoprod`),
  CONSTRAINT `csubtipop_ibfk_1` FOREIGN KEY (`id_tipoprod`) REFERENCES `ctipoprod` (`id_tipoprod`) ON UPDATE CASCADE
) ENGINE=InnoDB AUTO_INCREMENT=33 DEFAULT CHARSET=utf8mb4 COLLATE=utf8mb4_0900_ai_ci;
/*!40101 SET character_set_client = @saved_cs_client */;

--
-- Dumping data for table `csubtipop`
--

LOCK TABLES `csubtipop` WRITE;
/*!40000 ALTER TABLE `csubtipop` DISABLE KEYS */;
INSERT INTO `csubtipop` VALUES (1,'Bases y Correctores',1),(2,'Polvos y Fijadores',1),(3,'Sombras y Paletas',1),(4,'Delineadores y Cejas',1),(5,'Mascaras de pestañas',1),(6,'Labiales y brillos',1),(7,'Rubores y Bronceadores',1),(8,'Iluminadores y productos en crema',1),(9,'Limpieza Facial',2),(10,'Tonicos y Esencias',2),(11,'Serums',2),(12,'Exfoliantes',2),(13,'Hidratantes',2),(14,'Mascarillas Faciales',2),(15,'Tratamientos especificos',2),(16,'Proteccion Solar',2),(17,'Shampoos',3),(18,'Acondicionadores',3),(19,'Mascarillas Capilares',3),(20,'Aceites y Sueros Capilares',3),(21,'Protectores de Calor',3),(22,'Productos para el Cuero Cabelludo',3),(23,'Voluminizadores y Productos para Peinado',3),(24,'Shampoo en Seco',3),(25,'Perfumes para Mujer',4),(26,'Perfumes para Hombre',4),(27,'Perfumes Unisex',4),(28,'Set de Perfumes',4),(29,'Perfumes Florales',4),(30,'Perfumes Orientales',4),(31,'Perfumes Frescos',4),(32,'Perfumes Dulces',4);
/*!40000 ALTER TABLE `csubtipop` ENABLE KEYS */;
UNLOCK TABLES;

--
-- Table structure for table `ctipoprod`
--

DROP TABLE IF EXISTS `ctipoprod`;
/*!40101 SET @saved_cs_client     = @@character_set_client */;
/*!50503 SET character_set_client = utf8mb4 */;
CREATE TABLE `ctipoprod` (
  `id_tipoprod` int NOT NULL AUTO_INCREMENT,
  `nom_tipoprod` varchar(30) DEFAULT NULL,
  PRIMARY KEY (`id_tipoprod`),
  KEY `nom_tipoprod` (`nom_tipoprod`)
) ENGINE=InnoDB AUTO_INCREMENT=7 DEFAULT CHARSET=utf8mb4 COLLATE=utf8mb4_0900_ai_ci;
/*!40101 SET character_set_client = @saved_cs_client */;

--
-- Dumping data for table `ctipoprod`
--

LOCK TABLES `ctipoprod` WRITE;
/*!40000 ALTER TABLE `ctipoprod` DISABLE KEYS */;
INSERT INTO `ctipoprod` VALUES (2,'Cuidado de la Piel'),(3,'Cuidado del Cabello'),(1,'Maquillaje'),(4,'Perfumería');
/*!40000 ALTER TABLE `ctipoprod` ENABLE KEYS */;
UNLOCK TABLES;

--
-- Table structure for table `dcheckout`
--

DROP TABLE IF EXISTS `dcheckout`;
/*!40101 SET @saved_cs_client     = @@character_set_client */;
/*!50503 SET character_set_client = utf8mb4 */;
CREATE TABLE `dcheckout` (
  `id_chec` int NOT NULL AUTO_INCREMENT,
  `id_direc` int NOT NULL,
  `fecha_pago` date NOT NULL,
  `id_carr` int NOT NULL,
  `nombrec` varchar(45) DEFAULT NULL,
  `apellidoc` varchar(45) DEFAULT NULL,
  `pago` decimal(10,2) DEFAULT NULL,
  PRIMARY KEY (`id_chec`),
  KEY `id_direc` (`id_direc`),
  KEY `fecha_pago` (`fecha_pago`),
  KEY `id_carr` (`id_carr`),
  KEY `apellidoc` (`apellidoc`),
  KEY `nombrec` (`nombrec`),
  CONSTRAINT `dcheckout_ibfk_3` FOREIGN KEY (`id_direc`) REFERENCES `ddireccion` (`id_direc`) ON UPDATE CASCADE,
  CONSTRAINT `dcheckout_ibfk_4` FOREIGN KEY (`id_carr`) REFERENCES `ccarrito` (`id_carr`) ON UPDATE CASCADE
) ENGINE=InnoDB AUTO_INCREMENT=17 DEFAULT CHARSET=utf8mb4 COLLATE=utf8mb4_0900_ai_ci;
/*!40101 SET character_set_client = @saved_cs_client */;

--
-- Dumping data for table `dcheckout`
--

LOCK TABLES `dcheckout` WRITE;
/*!40000 ALTER TABLE `dcheckout` DISABLE KEYS */;
INSERT INTO `dcheckout` VALUES (2,3,'2024-12-13',1,'Jade','Martinez',630.00),(3,4,'2024-12-13',1,'Jade','Martinez',630.00),(4,5,'2024-12-13',1,'Jade','Martinez',630.00),(5,6,'2024-12-13',1,'Jade','Martinez',630.00),(6,7,'2024-12-13',1,'Jade','Martinez',630.00),(7,8,'2024-12-13',1,'Jade','Martinez',2390.00),(8,9,'2024-12-13',1,'Jade','Martinez',1330.00),(9,10,'2024-12-13',1,'Jade','Martinez',700.00),(10,11,'2024-12-13',1,'Jade','Martinez',2500.00),(11,12,'2024-12-13',1,'Jade','Martinez',2500.00),(12,13,'2024-12-13',1,'Jade','Martinez',2500.00),(13,14,'2024-12-13',1,'Jade','Martinez',540.00),(14,15,'2024-12-13',1,'Jade','Martinez',1500.00),(15,16,'2024-12-13',1,'Jade','Martinez',1500.00),(16,17,'2024-12-13',1,'Jade','Martinez',1500.00);
/*!40000 ALTER TABLE `dcheckout` ENABLE KEYS */;
UNLOCK TABLES;

--
-- Table structure for table `ddireccion`
--

DROP TABLE IF EXISTS `ddireccion`;
/*!40101 SET @saved_cs_client     = @@character_set_client */;
/*!50503 SET character_set_client = utf8mb4 */;
CREATE TABLE `ddireccion` (
  `id_direc` int NOT NULL AUTO_INCREMENT,
  `numinte_direc` int DEFAULT NULL,
  `numexte_direc` int NOT NULL,
  `ncol_direc` varchar(45) DEFAULT NULL,
  `ncalle_direc` varchar(45) DEFAULT NULL,
  `nciudad_direc` varchar(45) DEFAULT NULL,
  `alcaldia_dir` varchar(45) DEFAULT NULL,
  `cp_dir` varchar(20) DEFAULT NULL,
  `npais` varchar(45) DEFAULT NULL,
  PRIMARY KEY (`id_direc`)
) ENGINE=InnoDB AUTO_INCREMENT=18 DEFAULT CHARSET=utf8mb4 COLLATE=utf8mb4_0900_ai_ci;
/*!40101 SET character_set_client = @saved_cs_client */;

--
-- Dumping data for table `ddireccion`
--

LOCK TABLES `ddireccion` WRITE;
/*!40000 ALTER TABLE `ddireccion` DISABLE KEYS */;
INSERT INTO `ddireccion` VALUES (1,44,98,'Anahuac','Lago Zirahuen','CDMX','Miguel Hidalgo','11320','México'),(2,44,98,'Anahuac','Lago Zirahuen','CDMX','Miguel Hidalgo','11320','México'),(3,44,98,'Anahuac','Lago Zirahuen','CDMX','Miguel Hidalgo','11320','México'),(4,44,98,'Anahuac','Lago Zirahuen','CDMX','Miguel Hidalgo','11320','México'),(5,44,98,'Anahuac','Lago Zirahuen','CDMX','Miguel Hidalgo','11320','México'),(6,44,98,'Anahuac','Lago Zirahuen','CDMX','Miguel Hidalgo','11320','México'),(7,44,98,'Anahuac','Lago Zirahuen','CDMX','Miguel Hidalgo','11320','México'),(8,44,98,'Anahuac','Lago Zirahuen','CDMX','Miguel Hidalgo','11320','México'),(9,44,98,'Anahuac','Lago Zirahuen','CDMX','Miguel Hidalgo','11320','México'),(10,44,98,'Anahuac','Lago Zirahuen','CDMX','Miguel Hidalgo','11320','México'),(11,44,98,'Anahuac','Lago Zirahuen','CDMX','Miguel Hidalgo','11320','México'),(12,44,98,'Anahuac','Lago Zirahuen','CDMX','Miguel Hidalgo','11320','México'),(13,44,98,'Anahuac','Lago Zirahuen','CDMX','CDMX','11320','México'),(14,44,98,'Anahuac','Lago Zirahuen','CDMX','Miguel Hidalgo','11320','México'),(15,44,98,'Anahuac','Lago Zirahuen','CDMX','Miguel Hidalgo','11320','México'),(16,44,98,'Anahuac','Lago Zirahuen','CDMX','Miguel Hidalgo','11320','México'),(17,44,98,'Anahuac','Lago Zirahuen','CDMX','Miguel Hidalgo','11320','México');
/*!40000 ALTER TABLE `ddireccion` ENABLE KEYS */;
UNLOCK TABLES;

--
-- Table structure for table `musuario`
--

DROP TABLE IF EXISTS `musuario`;
/*!40101 SET @saved_cs_client     = @@character_set_client */;
/*!50503 SET character_set_client = utf8mb4 */;
CREATE TABLE `musuario` (
  `id_user` int NOT NULL AUTO_INCREMENT,
  `correo_user` varchar(70) DEFAULT NULL,
  `contra_user` varchar(255) DEFAULT NULL,
  `id_rol` int DEFAULT NULL,
  PRIMARY KEY (`id_user`),
  KEY `correo_user` (`correo_user`),
  KEY `contra_user` (`contra_user`),
  KEY `id_rol` (`id_rol`),
  CONSTRAINT `musuario_ibfk_1` FOREIGN KEY (`id_rol`) REFERENCES `crol` (`id_rol`) ON UPDATE CASCADE
) ENGINE=InnoDB AUTO_INCREMENT=5 DEFAULT CHARSET=utf8mb4 COLLATE=utf8mb4_0900_ai_ci;
/*!40101 SET character_set_client = @saved_cs_client */;

--
-- Dumping data for table `musuario`
--

LOCK TABLES `musuario` WRITE;
/*!40000 ALTER TABLE `musuario` DISABLE KEYS */;
INSERT INTO `musuario` VALUES (1,'martinez.hernandez.jade.ivet0102@gmail.com','$2a$05$2Ik8b3req168Ss4qcng.4OkUSAEZde2B93FnyWi.Oe7oUcma8Rda2',1),(3,'adsephoraproyecto@gmail.com','$2a$05$09hq4O86fvlagatahfFc/eei8ufM7x.tjC8UWyZSbewN.Pcy70lGm',3),(4,'almacenistasephora@gmail.com','$2a$05$aPIP8ZLZUDcLviSoZI.YcOYECxHERZ049qpYtUiITN2SeQdaF4WCe',2);
/*!40000 ALTER TABLE `musuario` ENABLE KEYS */;
UNLOCK TABLES;
/*!40103 SET TIME_ZONE=@OLD_TIME_ZONE */;

/*!40101 SET SQL_MODE=@OLD_SQL_MODE */;
/*!40014 SET FOREIGN_KEY_CHECKS=@OLD_FOREIGN_KEY_CHECKS */;
/*!40014 SET UNIQUE_CHECKS=@OLD_UNIQUE_CHECKS */;
/*!40101 SET CHARACTER_SET_CLIENT=@OLD_CHARACTER_SET_CLIENT */;
/*!40101 SET CHARACTER_SET_RESULTS=@OLD_CHARACTER_SET_RESULTS */;
/*!40101 SET COLLATION_CONNECTION=@OLD_COLLATION_CONNECTION */;
/*!40111 SET SQL_NOTES=@OLD_SQL_NOTES */;

-- Dump completed on 2024-12-13  6:13:50
